Sentence #,Sentence,POS,Tag
Sentence: 7708,The 58-year-old former analyst says he provided information to an official at the Israeli embassy and to two members of a lobbying group called the American Israel Public Affairs Committee .,"['DT', 'JJ', 'JJ', 'NN', 'VBZ', 'PRP', 'VBD', 'NN', 'TO', 'DT', 'NN', 'IN', 'DT', 'JJ', 'NN', 'CC', 'TO', 'CD', 'NNS', 'IN', 'DT', 'NN', 'NN', 'VBD', 'DT', 'NNP', 'NNP', 'NNP', 'NNP', 'NNP', '.']","['O', 'O', 'O', 'O', 'O', 'O', 'O', 'O', 'O', 'O', 'O', 'O', 'O', 'B-gpe', 'O', 'O', 'O', 'O', 'O', 'O', 'O', 'O', 'O', 'O', 'O', 'O', 'B-geo', 'B-org', 'I-org', 'I-org', 'O']"
Sentence: 26090,But he said he will not accept any Pakistani proposal that involves redrawing the line of control that separates Indian- from Pakistani-controlled Kashmir .,"['CC', 'PRP', 'VBD', 'PRP', 'MD', 'RB', 'VB', 'DT', 'JJ', 'NN', 'WDT', 'VBZ', 'VBG', 'DT', 'NN', 'IN', 'NN', 'IN', 'VBZ', 'NNP', 'IN', 'JJ', 'NNP', '.']","['O', 'O', 'O', 'O', 'O', 'O', 'O', 'O', 'B-gpe', 'O', 'O', 'O', 'O', 'O', 'O', 'O', 'O', 'O', 'O', 'B-geo', 'O', 'B-geo', 'I-geo', 'O']"
Sentence: 309,The Swiss star was upset Wednesday by German Tommy Haas in the opening match of the Kooyong Classic in Melbourne .,"['DT', 'JJ', 'NN', 'VBD', 'VBN', 'NNP', 'IN', 'JJ', 'NNP', 'NNP', 'IN', 'DT', 'NN', 'NN', 'IN', 'DT', 'NNP', 'NNP', 'IN', 'NNP', '.']","['O', 'B-gpe', 'O', 'O', 'O', 'B-tim', 'O', 'B-gpe', 'B-per', 'I-per', 'O', 'O', 'O', 'O', 'O', 'O', 'B-eve', 'I-eve', 'O', 'B-geo', 'O']"
Sentence: 24976,"After taking office in 2004 , the SPENCER government adopted an ambitious fiscal reform program , and was successful in reducing its public debt-to-GDP ratio from 120 % to about 90 % in 2008 .","['IN', 'VBG', 'NN', 'IN', 'CD', ',', 'DT', 'NNP', 'NN', 'VBD', 'DT', 'JJ', 'JJ', 'NN', 'NN', ',', 'CC', 'VBD', 'JJ', 'IN', 'VBG', 'PRP$', 'JJ', 'NN', 'NN', 'IN', 'CD', 'NN', 'TO', 'RB', 'CD', 'NN', 'IN', 'CD', '.']","['O', 'O', 'O', 'O', 'B-tim', 'O', 'O', 'B-org', 'O', 'O', 'O', 'O', 'O', 'O', 'O', 'O', 'O', 'O', 'O', 'O', 'O', 'O', 'O', 'O', 'O', 'O', 'O', 'O', 'O', 'O', 'O', 'O', 'O', 'B-tim', 'O']"
Sentence: 472,Israeli soldiers have killed two Palestinians in the southern Gaza Strip .,"['JJ', 'NNS', 'VBP', 'VBN', 'CD', 'NNS', 'IN', 'DT', 'JJ', 'NNP', 'NNP', '.']","['B-gpe', 'O', 'O', 'O', 'O', 'B-gpe', 'O', 'O', 'O', 'B-geo', 'I-geo', 'O']"
Sentence: 39981,"A strong earthquake has struck off the coast of Indonesia , but no tsunami alert was issued .","['DT', 'JJ', 'NN', 'VBZ', 'VBN', 'RP', 'DT', 'NN', 'IN', 'NNP', ',', 'CC', 'DT', 'NN', 'NN', 'VBD', 'VBN', '.']","['O', 'O', 'O', 'O', 'O', 'O', 'O', 'O', 'O', 'B-geo', 'O', 'O', 'O', 'O', 'O', 'O', 'O', 'O']"
Sentence: 22894,The 71-year-old underwent surgery for pancreatic cancer last year .,"['DT', 'JJ', 'VBD', 'NN', 'IN', 'NN', 'NN', 'JJ', 'NN', '.']","['O', 'O', 'O', 'O', 'O', 'O', 'O', 'O', 'O', 'O']"
Sentence: 29627,Polish President Lech Kaczynski has called the roof collapse at an exhibition hall the worst tragedy to strike post-communist Poland .,"['JJ', 'NNP', 'NNP', 'NNP', 'VBZ', 'VBN', 'DT', 'NN', 'NN', 'IN', 'DT', 'NN', 'NN', 'DT', 'JJS', 'NN', 'TO', 'VB', 'JJ', 'NNP', '.']","['B-gpe', 'B-per', 'I-per', 'I-per', 'O', 'O', 'O', 'O', 'O', 'O', 'O', 'O', 'O', 'O', 'O', 'O', 'O', 'O', 'O', 'B-geo', 'O']"
Sentence: 41408,"Meanwhile , gunmen today killed the director-general of Iraq 's Trade Ministry , Ali Mousa Salman , as he was driving to work in Baghdad .","['RB', ',', 'NNS', 'NN', 'VBD', 'DT', 'NN', 'IN', 'NNP', 'POS', 'NNP', 'NNP', ',', 'NNP', 'NNP', 'NNP', ',', 'IN', 'PRP', 'VBD', 'VBG', 'IN', 'NN', 'IN', 'NNP', '.']","['O', 'O', 'O', 'B-tim', 'O', 'O', 'O', 'O', 'B-geo', 'O', 'B-org', 'I-org', 'O', 'B-per', 'I-per', 'I-per', 'O', 'O', 'O', 'O', 'O', 'O', 'O', 'O', 'B-geo', 'O']"
Sentence: 17137,"A short while later , the prime minister fired the renegade Shinui ministers , leaving the Likud coalition in control of only 40 votes in the 120-seat Knesset .","['DT', 'JJ', 'NN', 'RB', ',', 'DT', 'JJ', 'NN', 'VBD', 'DT', 'NN', 'NNP', 'NNS', ',', 'VBG', 'DT', 'NNP', 'NN', 'IN', 'NN', 'IN', 'RB', 'CD', 'NNS', 'IN', 'DT', 'JJ', 'NNP', '.']","['O', 'O', 'O', 'O', 'O', 'O', 'O', 'O', 'O', 'O', 'O', 'O', 'O', 'O', 'O', 'O', 'B-geo', 'O', 'O', 'O', 'O', 'O', 'O', 'O', 'O', 'O', 'O', 'O', 'O']"
Sentence: 41200,The English reached 297-for three at stumps for an overall lead of 367 runs .,"['DT', 'NNS', 'VBD', 'JJ', 'CD', 'IN', 'NNS', 'IN', 'DT', 'JJ', 'NN', 'IN', 'CD', 'NNS', '.']","['O', 'O', 'O', 'O', 'O', 'O', 'O', 'O', 'O', 'O', 'O', 'O', 'O', 'O', 'O']"
Sentence: 9241,He did not elaborate on what the two sides discussed .,"['PRP', 'VBD', 'RB', 'VB', 'IN', 'WP', 'DT', 'CD', 'NNS', 'VBD', '.']","['O', 'O', 'O', 'O', 'O', 'O', 'O', 'O', 'O', 'O', 'O']"
Sentence: 27994,"Sudan 's State Minister of Foreign Affairs , Najib el-Kheir , says his country will cooperate with a special investigator appointed by the Commission to monitor the human-rights situation in Darfur .","['NNP', 'POS', 'NNP', 'NNP', 'IN', 'NNP', 'NNP', ',', 'NNP', 'NNP', ',', 'VBZ', 'PRP$', 'NN', 'MD', 'VB', 'IN', 'DT', 'JJ', 'NN', 'VBN', 'IN', 'DT', 'NNP', 'TO', 'VB', 'DT', 'JJ', 'NN', 'IN', 'NNP', '.']","['B-gpe', 'O', 'O', 'O', 'O', 'B-org', 'I-org', 'I-org', 'I-org', 'I-org', 'O', 'O', 'O', 'O', 'O', 'O', 'O', 'O', 'O', 'O', 'O', 'O', 'O', 'B-org', 'O', 'O', 'O', 'O', 'O', 'O', 'B-geo', 'O']"
Sentence: 42694,"The report also said an improvised mine had been found last Sunday in Kanyutkwin , Phyu township after authorities received a tip .","['DT', 'NN', 'RB', 'VBD', 'DT', 'JJ', 'NN', 'VBD', 'VBN', 'VBN', 'JJ', 'NNP', 'IN', 'NNP', ',', 'NNP', 'NN', 'IN', 'NNS', 'VBD', 'DT', 'NN', '.']","['O', 'O', 'O', 'O', 'O', 'O', 'O', 'O', 'O', 'O', 'O', 'B-tim', 'O', 'B-geo', 'O', 'B-geo', 'O', 'O', 'O', 'O', 'O', 'O', 'O']"
Sentence: 28389,"Each batch of enriched uranium has a unique "" fingerprint . ""","['DT', 'NN', 'IN', 'VBN', 'NN', 'VBZ', 'DT', 'JJ', '``', 'NN', '.', '``']","['O', 'O', 'O', 'O', 'O', 'O', 'O', 'O', 'O', 'O', 'O', 'O']"
Sentence: 5083,"Bird flu has killed more than 80 people in southeast Asia , China , and Turkey since 2003 .","['NN', 'NN', 'VBZ', 'VBN', 'JJR', 'IN', 'CD', 'NNS', 'IN', 'JJ', 'NNP', ',', 'NNP', ',', 'CC', 'NNP', 'IN', 'CD', '.']","['O', 'O', 'O', 'O', 'O', 'O', 'O', 'O', 'O', 'O', 'B-geo', 'O', 'B-geo', 'O', 'O', 'B-geo', 'B-tim', 'I-tim', 'O']"
Sentence: 26883,"The talks between the two leaders meeting in the North African country are expected to focus on gas exploration deals with Russia 's natural gas company , Gazprom .","['DT', 'NNS', 'IN', 'DT', 'CD', 'NNS', 'NN', 'IN', 'DT', 'JJ', 'JJ', 'NN', 'VBP', 'VBN', 'TO', 'VB', 'IN', 'NN', 'NN', 'NNS', 'IN', 'NNP', 'POS', 'JJ', 'NN', 'NN', ',', 'NNP', '.']","['O', 'O', 'O', 'O', 'O', 'O', 'O', 'O', 'O', 'B-geo', 'B-gpe', 'O', 'O', 'O', 'O', 'O', 'O', 'O', 'O', 'O', 'O', 'B-geo', 'O', 'O', 'O', 'O', 'O', 'B-org', 'O']"
Sentence: 35039,"Mr. Bush also urged friends and family of the elderly to help their loved ones enroll , by gathering information , making a phone call , or helping them to fill out forms .","['NNP', 'NNP', 'RB', 'VBD', 'NNS', 'CC', 'NN', 'IN', 'DT', 'NN', 'TO', 'VB', 'PRP$', 'VBN', 'NNS', 'NN', ',', 'IN', 'VBG', 'NN', ',', 'VBG', 'DT', 'NN', 'NN', ',', 'CC', 'VBG', 'PRP', 'TO', 'VB', 'RP', 'NNS', '.']","['B-per', 'I-per', 'O', 'O', 'O', 'O', 'O', 'O', 'O', 'O', 'O', 'O', 'O', 'O', 'O', 'O', 'O', 'O', 'O', 'O', 'O', 'O', 'O', 'O', 'O', 'O', 'O', 'O', 'O', 'O', 'O', 'O', 'O', 'O']"
Sentence: 36841,New South Wales police said Wednesday they took six men from Hong Kong and two Malaysian women into custody after raiding a hotel in central Sydney .,"['NNP', 'NNP', 'NNP', 'NN', 'VBD', 'NNP', 'PRP', 'VBD', 'CD', 'NNS', 'IN', 'NNP', 'NNP', 'CC', 'CD', 'JJ', 'NNS', 'IN', 'NN', 'IN', 'VBG', 'DT', 'NN', 'IN', 'JJ', 'NNP', '.']","['B-geo', 'I-geo', 'I-geo', 'O', 'O', 'B-tim', 'O', 'O', 'O', 'O', 'O', 'B-geo', 'I-geo', 'O', 'O', 'B-gpe', 'O', 'O', 'O', 'O', 'O', 'O', 'O', 'O', 'O', 'B-geo', 'O']"
Sentence: 9566,"Post-election violence in early 2008 , coupled with the effects of the global financial crisis on remittance and exports , reduced GDP growth to 1.7 in 2008 , but the economy rebounded in 2009 - 10 .","['NN', 'NN', 'IN', 'JJ', 'CD', ',', 'VBN', 'IN', 'DT', 'NNS', 'IN', 'DT', 'JJ', 'JJ', 'NN', 'IN', 'NN', 'CC', 'NNS', ',', 'VBD', 'NN', 'NN', 'TO', 'CD', 'IN', 'CD', ',', 'CC', 'DT', 'NN', 'VBD', 'IN', 'CD', 'IN', 'CD', '.']","['O', 'O', 'O', 'O', 'B-tim', 'O', 'O', 'O', 'O', 'O', 'O', 'O', 'O', 'O', 'O', 'O', 'O', 'O', 'O', 'O', 'O', 'O', 'O', 'O', 'O', 'O', 'B-tim', 'O', 'O', 'O', 'O', 'O', 'O', 'B-tim', 'I-tim', 'I-tim', 'O']"
Sentence: 22911,"And one Islamic group - the Supreme Islamic Council of Somalia - based in the capital , Mogadishu , said it was opening a sharia court in the central town of Adaado .","['CC', 'CD', 'JJ', 'NN', 'IN', 'DT', 'NNP', 'NNP', 'NNP', 'IN', 'NNP', ':', 'VBN', 'IN', 'DT', 'NN', ',', 'NNP', ',', 'VBD', 'PRP', 'VBD', 'VBG', 'DT', 'NN', 'NN', 'IN', 'DT', 'JJ', 'NN', 'IN', 'NNP', '.']","['O', 'O', 'O', 'O', 'O', 'O', 'B-org', 'I-org', 'I-org', 'I-org', 'B-geo', 'O', 'O', 'O', 'O', 'O', 'O', 'B-geo', 'O', 'O', 'O', 'O', 'O', 'O', 'O', 'O', 'O', 'O', 'O', 'O', 'O', 'B-geo', 'O']"
Sentence: 46779,"The floods overturned cars and trucks , and bodies were seen caught in the branches of trees .","['DT', 'NNS', 'VBD', 'NNS', 'CC', 'NNS', ',', 'CC', 'NNS', 'VBD', 'VBN', 'VBN', 'IN', 'DT', 'NNS', 'IN', 'NNS', '.']","['O', 'O', 'O', 'O', 'O', 'O', 'O', 'O', 'O', 'O', 'O', 'O', 'O', 'O', 'O', 'O', 'O', 'O']"
Sentence: 26233,The tests were suspended in January 1996 .,"['DT', 'NNS', 'VBD', 'VBN', 'IN', 'NNP', 'CD', '.']","['O', 'O', 'O', 'O', 'O', 'B-tim', 'I-tim', 'O']"
Sentence: 1271,"It has sizeable hydropower capacity , a growing component of its energy supplies .","['PRP', 'VBZ', 'JJ', 'NN', 'NN', ',', 'DT', 'VBG', 'NN', 'IN', 'PRP$', 'NN', 'NNS', '.']","['O', 'O', 'O', 'O', 'O', 'O', 'O', 'O', 'O', 'O', 'O', 'O', 'O', 'O']"
Sentence: 18493,And coalition forces say they captured a high-level Baath Party leader Hamid Sharki Shadid in Diyala province .,"['CC', 'NN', 'NNS', 'VBP', 'PRP', 'VBD', 'DT', 'JJ', 'NNP', 'NNP', 'NN', 'NNP', 'NNP', 'NNP', 'IN', 'NNP', 'NN', '.']","['O', 'O', 'O', 'O', 'O', 'O', 'O', 'O', 'B-org', 'I-org', 'O', 'B-per', 'I-per', 'I-per', 'O', 'B-geo', 'O', 'O']"
Sentence: 16648,"Two Lebanese soldiers were killed in fighting , as the army continues its assault against Islamic militants holed up inside a Palestinian refugee camp .","['CD', 'JJ', 'NNS', 'VBD', 'VBN', 'IN', 'NN', ',', 'IN', 'DT', 'NN', 'VBZ', 'PRP$', 'NN', 'IN', 'NNP', 'NNS', 'VBD', 'RP', 'IN', 'DT', 'JJ', 'NN', 'NN', '.']","['O', 'B-gpe', 'O', 'O', 'O', 'O', 'O', 'O', 'O', 'O', 'O', 'O', 'O', 'O', 'O', 'B-geo', 'O', 'O', 'O', 'O', 'O', 'B-gpe', 'O', 'O', 'O']"
Sentence: 13730,Officials say the group is responsible for suicide bombings on Shi'ite religious sites and may have been planning new attacks .,"['NNS', 'VBP', 'DT', 'NN', 'VBZ', 'JJ', 'IN', 'NN', 'NNS', 'IN', 'NNP', 'JJ', 'NNS', 'CC', 'MD', 'VB', 'VBN', 'VBG', 'JJ', 'NNS', '.']","['O', 'O', 'O', 'O', 'O', 'O', 'O', 'O', 'O', 'O', 'O', 'O', 'O', 'O', 'O', 'O', 'O', 'O', 'O', 'O', 'O']"
Sentence: 44705,The execution is the government 's first case of capital punishment since its formation in 2004 .,"['DT', 'NN', 'VBZ', 'DT', 'NN', 'POS', 'JJ', 'NN', 'IN', 'NN', 'NN', 'IN', 'PRP$', 'NN', 'IN', 'CD', '.']","['O', 'O', 'O', 'O', 'O', 'O', 'O', 'O', 'O', 'O', 'O', 'O', 'O', 'O', 'O', 'B-tim', 'O']"
Sentence: 20001,Some fishing takes place in adjacent waters .,"['DT', 'NN', 'VBZ', 'NN', 'IN', 'JJ', 'NNS', '.']","['O', 'O', 'O', 'O', 'O', 'O', 'O', 'O']"
Sentence: 14494,But U.S. officials have expressed concerns that a cross-border operation could destabilize northern Iraq .,"['CC', 'NNP', 'NNS', 'VBP', 'VBN', 'NNS', 'IN', 'DT', 'JJ', 'NN', 'MD', 'VB', 'JJ', 'NNP', '.']","['O', 'B-geo', 'O', 'O', 'O', 'O', 'O', 'O', 'O', 'O', 'O', 'O', 'O', 'B-geo', 'O']"
Sentence: 1340,"Earlier this week , a leading Democrat in the Senate called on President Bush to shut down the Guantanamo camp and launch a massive probe into alleged abuses there .","['RBR', 'DT', 'NN', ',', 'DT', 'VBG', 'NNP', 'IN', 'DT', 'NNP', 'VBD', 'IN', 'NNP', 'NNP', 'TO', 'VB', 'RP', 'DT', 'NNP', 'NN', 'CC', 'VB', 'DT', 'JJ', 'NN', 'IN', 'JJ', 'NNS', 'RB', '.']","['O', 'O', 'O', 'O', 'O', 'O', 'O', 'O', 'O', 'B-org', 'O', 'O', 'B-per', 'I-per', 'O', 'O', 'O', 'O', 'B-geo', 'O', 'O', 'O', 'O', 'O', 'O', 'O', 'O', 'O', 'O', 'O']"
Sentence: 32811,Hundreds of protesters marched through the streets of Guatemala City Friday to voice opposition to the Central American Free Trade Agreement with the United States .,"['NNS', 'IN', 'NNS', 'VBD', 'IN', 'DT', 'NNS', 'IN', 'NNP', 'NNP', 'NNP', 'TO', 'VB', 'NN', 'TO', 'DT', 'NNP', 'NNP', 'NNP', 'NNP', 'NNP', 'IN', 'DT', 'NNP', 'NNPS', '.']","['O', 'O', 'O', 'O', 'O', 'O', 'O', 'O', 'B-geo', 'I-geo', 'B-tim', 'O', 'O', 'O', 'O', 'O', 'O', 'O', 'O', 'O', 'O', 'O', 'O', 'B-geo', 'I-geo', 'O']"
Sentence: 47239,The flight to Earth 's nearest neighbor is expected to take five months .,"['DT', 'NN', 'TO', 'NNP', 'POS', 'JJS', 'NN', 'VBZ', 'VBN', 'TO', 'VB', 'CD', 'NNS', '.']","['O', 'O', 'O', 'B-geo', 'O', 'O', 'O', 'O', 'O', 'O', 'O', 'B-tim', 'O', 'O']"
Sentence: 13913,They will join two-time Olympic medalists Mark Grimmette and Brian Martinin the doubles competition .,"['PRP', 'MD', 'VB', 'JJ', 'NNP', 'NNS', 'NNP', 'NNP', 'CC', 'NNP', 'NNP', 'DT', 'NNS', 'NN', '.']","['O', 'O', 'O', 'O', 'O', 'O', 'B-per', 'I-per', 'O', 'B-per', 'I-per', 'O', 'O', 'O', 'O']"
Sentence: 44234,"The story in The New Yorker magazine says the Bush administration has sent secret commando teams into Iran to pick out nuclear , chemical and missile sites that could be destroyed by airstrikes and commando raids .","['DT', 'NN', 'IN', 'DT', 'NNP', 'NNP', 'NN', 'VBZ', 'DT', 'NNP', 'NN', 'VBZ', 'VBN', 'JJ', 'NN', 'NNS', 'IN', 'NNP', 'TO', 'VB', 'RP', 'JJ', ',', 'NN', 'CC', 'NN', 'NNS', 'WDT', 'MD', 'VB', 'VBN', 'IN', 'NNS', 'CC', 'NN', 'NNS', '.']","['O', 'O', 'O', 'O', 'O', 'O', 'O', 'O', 'O', 'B-geo', 'O', 'O', 'O', 'O', 'O', 'O', 'O', 'B-geo', 'O', 'O', 'O', 'O', 'O', 'O', 'O', 'O', 'O', 'O', 'O', 'O', 'O', 'O', 'O', 'O', 'O', 'O', 'O']"
Sentence: 17703,"Louisiana Governor Kathleen Blanco says a number of fishing villages in the state 's Cameron Parish have been "" erased from the map "" by Hurricane Rita .","['NNP', 'NNP', 'NNP', 'NNP', 'VBZ', 'DT', 'NN', 'IN', 'NN', 'NNS', 'IN', 'DT', 'NN', 'POS', 'NNP', 'NNP', 'VBP', 'VBN', '``', 'VBN', 'IN', 'DT', 'NN', '``', 'IN', 'NNP', 'NNP', '.']","['B-gpe', 'B-per', 'I-per', 'I-per', 'O', 'O', 'O', 'O', 'O', 'O', 'O', 'O', 'O', 'O', 'B-geo', 'I-geo', 'O', 'O', 'O', 'O', 'O', 'O', 'O', 'O', 'O', 'B-nat', 'I-nat', 'O']"
Sentence: 8621,These include creation of an improved early warning system and a coordinated emergency plan in the event of a pandemic .,"['DT', 'VBP', 'NN', 'IN', 'DT', 'VBN', 'JJ', 'NN', 'NN', 'CC', 'DT', 'JJ', 'NN', 'NN', 'IN', 'DT', 'NN', 'IN', 'DT', 'NN', '.']","['O', 'O', 'O', 'O', 'O', 'O', 'O', 'O', 'O', 'O', 'O', 'O', 'O', 'O', 'O', 'O', 'O', 'O', 'O', 'O', 'O']"
Sentence: 23125,"Local elections were held in Cambodia in April 2007 , with little of the pre-election violence that preceded prior elections .","['JJ', 'NNS', 'VBD', 'VBN', 'IN', 'NNP', 'IN', 'NNP', 'CD', ',', 'IN', 'NN', 'IN', 'DT', 'JJ', 'NN', 'IN', 'VBD', 'JJ', 'NNS', '.']","['O', 'O', 'O', 'O', 'O', 'B-geo', 'O', 'B-tim', 'I-tim', 'O', 'O', 'O', 'O', 'O', 'O', 'O', 'O', 'O', 'O', 'O', 'O']"
Sentence: 27651,"Bird flu has spread across parts of Europe , Africa and Asia , killing about 100 people since 2003 .","['NN', 'NN', 'VBZ', 'VBN', 'IN', 'NNS', 'IN', 'NNP', ',', 'NNP', 'CC', 'NNP', ',', 'VBG', 'IN', 'CD', 'NNS', 'IN', 'CD', '.']","['O', 'O', 'O', 'O', 'O', 'O', 'O', 'B-geo', 'O', 'B-geo', 'O', 'B-geo', 'O', 'O', 'O', 'O', 'O', 'B-tim', 'I-tim', 'O']"
Sentence: 23891,"Representatives of Bulgaria , the Czech Republic , Estonia , Latvia , Lithuania , Poland , Slovakia , Slovenia and Romania as well as Canada expressed their views in a letter to NATO Secretary General Jaap de Hoop Scheffer .","['NNS', 'IN', 'NNP', ',', 'DT', 'JJ', 'NNP', ',', 'NNP', ',', 'NNP', ',', 'NNP', ',', 'NNP', ',', 'NNP', ',', 'NNP', 'CC', 'NNP', 'RB', 'RB', 'IN', 'NNP', 'VBD', 'PRP$', 'NNS', 'IN', 'DT', 'NN', 'TO', 'NNP', 'NN', 'NNP', 'NNP', 'NNP', 'NNP', 'NNP', '.']","['O', 'O', 'B-geo', 'O', 'O', 'B-gpe', 'B-geo', 'O', 'B-geo', 'O', 'B-geo', 'O', 'B-geo', 'O', 'B-geo', 'O', 'B-geo', 'O', 'B-geo', 'O', 'B-geo', 'O', 'O', 'O', 'B-geo', 'O', 'O', 'O', 'O', 'O', 'O', 'O', 'B-org', 'O', 'B-org', 'I-org', 'I-org', 'I-org', 'I-org', 'O']"
Sentence: 5402,Opel has been suffering through the world economic crisis along with many other global automakers .,"['NNP', 'VBZ', 'VBN', 'VBG', 'IN', 'DT', 'NN', 'JJ', 'NN', 'IN', 'IN', 'JJ', 'JJ', 'JJ', 'NNS', '.']","['B-org', 'O', 'O', 'O', 'O', 'O', 'O', 'O', 'O', 'O', 'O', 'O', 'O', 'O', 'O', 'O']"
Sentence: 13992,Afghanistan 's Interior Ministry says a suspected suicide bomber has tried to kill the governor of southern Helmand province by detonating a car bomb outside his office .,"['NNP', 'POS', 'NNP', 'NNP', 'VBZ', 'DT', 'JJ', 'NN', 'NN', 'VBZ', 'VBN', 'TO', 'VB', 'DT', 'NN', 'IN', 'JJ', 'NNP', 'NN', 'IN', 'VBG', 'DT', 'NN', 'NN', 'IN', 'PRP$', 'NN', '.']","['B-org', 'O', 'B-org', 'I-org', 'O', 'O', 'O', 'O', 'O', 'O', 'O', 'O', 'O', 'O', 'O', 'O', 'O', 'B-geo', 'O', 'O', 'O', 'O', 'O', 'O', 'O', 'O', 'O', 'O']"
Sentence: 97,Authorities in Mogadishu have not determined a motive for the shooting .,"['NNS', 'IN', 'NNP', 'VBP', 'RB', 'VBN', 'DT', 'NN', 'IN', 'DT', 'NN', '.']","['O', 'O', 'B-geo', 'O', 'O', 'O', 'O', 'O', 'O', 'O', 'O', 'O']"
Sentence: 20219,Her abduction last month was widely condemned by Iraqi civilians and Islamic groups .,"['PRP$', 'NN', 'JJ', 'NN', 'VBD', 'RB', 'VBN', 'IN', 'JJ', 'NNS', 'CC', 'JJ', 'NNS', '.']","['O', 'O', 'O', 'O', 'O', 'O', 'O', 'O', 'B-gpe', 'O', 'O', 'O', 'O', 'O']"
Sentence: 43249,The Ethiopian government has charged 55 opposition members with trying to launch an armed rebellion .,"['DT', 'JJ', 'NN', 'VBZ', 'VBN', 'CD', 'NN', 'NNS', 'IN', 'VBG', 'TO', 'VB', 'DT', 'JJ', 'NN', '.']","['O', 'B-gpe', 'O', 'O', 'O', 'O', 'O', 'O', 'O', 'O', 'O', 'O', 'O', 'O', 'O', 'O']"
Sentence: 34063,Afghan authorities have blamed the increase in suicide attacks and car-bomb explosions on foreign insurgents .,"['JJ', 'NNS', 'VBP', 'VBN', 'DT', 'NN', 'IN', 'NN', 'NNS', 'CC', 'JJ', 'NNS', 'IN', 'JJ', 'NNS', '.']","['B-gpe', 'O', 'O', 'O', 'O', 'O', 'O', 'O', 'O', 'O', 'O', 'O', 'O', 'O', 'O', 'O']"
Sentence: 4914,U.S. Secretary of State Condoleezza Rice says the Bush administration is still considering setting up a diplomatic mission in Iran .,"['NNP', 'NN', 'IN', 'NN', 'NNP', 'NNP', 'VBZ', 'DT', 'NNP', 'NN', 'VBZ', 'RB', 'VBG', 'VBG', 'RP', 'DT', 'JJ', 'NN', 'IN', 'NNP', '.']","['B-org', 'I-org', 'I-org', 'I-org', 'B-per', 'I-per', 'O', 'O', 'B-per', 'O', 'O', 'O', 'O', 'O', 'O', 'O', 'O', 'O', 'O', 'B-geo', 'O']"
Sentence: 26301,"World health officials have long feared the virus might change into a form easily transferable among people , triggering a deadly global pandemic .","['NNP', 'NN', 'NNS', 'VBP', 'RB', 'VBN', 'DT', 'NN', 'MD', 'VB', 'IN', 'DT', 'NN', 'RB', 'JJ', 'IN', 'NNS', ',', 'VBG', 'DT', 'JJ', 'JJ', 'NN', '.']","['O', 'O', 'O', 'O', 'O', 'O', 'O', 'O', 'O', 'O', 'O', 'O', 'O', 'O', 'O', 'O', 'O', 'O', 'O', 'O', 'O', 'O', 'O', 'O']"
Sentence: 30379,"Sugar and wood pulp were major foreign exchange earners ; however , the wood pulp producer closed in January 2010 , and sugar is now the main export earner .","['NN', 'CC', 'NN', 'NN', 'VBD', 'JJ', 'JJ', 'NN', 'NNS', ';', 'RB', ',', 'DT', 'NN', 'NN', 'NN', 'VBD', 'IN', 'NNP', 'CD', ',', 'CC', 'NN', 'VBZ', 'RB', 'DT', 'JJ', 'NN', 'NN', '.']","['O', 'O', 'O', 'O', 'O', 'O', 'O', 'O', 'O', 'O', 'O', 'O', 'O', 'O', 'O', 'O', 'O', 'O', 'B-tim', 'I-tim', 'O', 'O', 'O', 'O', 'O', 'O', 'O', 'O', 'O', 'O']"
Sentence: 44917,General Gration said that combined western military efforts can help prevent terrorists from taking root in some nations .,"['NNP', 'NNP', 'VBD', 'IN', 'VBN', 'JJ', 'JJ', 'NNS', 'MD', 'VB', 'VB', 'NNS', 'IN', 'VBG', 'NN', 'IN', 'DT', 'NNS', '.']","['B-per', 'I-per', 'O', 'O', 'O', 'O', 'O', 'O', 'O', 'O', 'O', 'O', 'O', 'O', 'O', 'O', 'O', 'O', 'O']"
Sentence: 16915,The allegations led former finance minister David Mwiraria to resign last month .,"['DT', 'NNS', 'VBD', 'JJ', 'NN', 'NN', 'NNP', 'NNP', 'TO', 'VB', 'JJ', 'NN', '.']","['O', 'O', 'O', 'O', 'O', 'O', 'B-per', 'I-per', 'O', 'O', 'O', 'O', 'O']"
Sentence: 33024,"U.S. officials say troops came under attack , while looking for militants who were transporting foreign fighters between the two countries .","['NNP', 'NNS', 'VBP', 'NNS', 'VBD', 'IN', 'NN', ',', 'IN', 'VBG', 'IN', 'NNS', 'WP', 'VBD', 'VBG', 'JJ', 'NNS', 'IN', 'DT', 'CD', 'NNS', '.']","['B-geo', 'O', 'O', 'O', 'O', 'O', 'O', 'O', 'O', 'O', 'O', 'O', 'O', 'O', 'O', 'O', 'O', 'O', 'O', 'O', 'O', 'O']"
Sentence: 34895,Police on horseback charged into crowds of angry British students demonstrating in central London on Thursday to protest university tuition hikes .,"['NNS', 'IN', 'NN', 'VBN', 'IN', 'NNS', 'IN', 'JJ', 'JJ', 'NNS', 'VBG', 'IN', 'JJ', 'NNP', 'IN', 'NNP', 'TO', 'VB', 'NN', 'NN', 'NNS', '.']","['O', 'O', 'O', 'O', 'O', 'O', 'O', 'O', 'B-gpe', 'O', 'O', 'O', 'O', 'B-geo', 'O', 'B-tim', 'O', 'O', 'O', 'O', 'O', 'O']"
Sentence: 1772,Mr. Lavrov said the issue should be handled within the International Atomic Energy Agency .,"['NNP', 'NNP', 'VBD', 'DT', 'NN', 'MD', 'VB', 'VBN', 'IN', 'DT', 'NNP', 'NNP', 'NNP', 'NNP', '.']","['B-per', 'I-per', 'O', 'O', 'O', 'O', 'O', 'O', 'O', 'O', 'B-org', 'I-org', 'I-org', 'I-org', 'O']"
Sentence: 33166,The U.S. government has chartered three of Carnival Cruise lines ships for the next six months to provide temporary housing for victims of Hurricane Katrina .,"['DT', 'NNP', 'NN', 'VBZ', 'VBN', 'CD', 'IN', 'NNP', 'NNP', 'NNS', 'NNS', 'IN', 'DT', 'JJ', 'CD', 'NNS', 'TO', 'VB', 'JJ', 'NN', 'IN', 'NNS', 'IN', 'NNP', 'NNP', '.']","['O', 'B-geo', 'O', 'O', 'O', 'O', 'O', 'B-org', 'I-org', 'O', 'O', 'O', 'O', 'O', 'B-tim', 'O', 'O', 'O', 'O', 'O', 'O', 'O', 'O', 'O', 'O', 'O']"
Sentence: 16619,Washington has rejected the demand .,"['NNP', 'VBZ', 'VBN', 'DT', 'NN', '.']","['B-geo', 'O', 'O', 'O', 'O', 'O']"
Sentence: 32558,"But Peter Erben said the cases of fraud are localized rather than widespread , and will not affect the overall integrity of the landmark vote .","['CC', 'NNP', 'NNP', 'VBD', 'DT', 'NNS', 'IN', 'NN', 'VBP', 'VBN', 'RB', 'IN', 'JJ', ',', 'CC', 'MD', 'RB', 'VB', 'DT', 'JJ', 'NN', 'IN', 'DT', 'NN', 'NN', '.']","['O', 'B-per', 'I-per', 'O', 'O', 'O', 'O', 'O', 'O', 'O', 'O', 'O', 'O', 'O', 'O', 'O', 'O', 'O', 'O', 'O', 'O', 'O', 'O', 'O', 'O', 'O']"
Sentence: 32418,President Bush is to announce his decision on a new strategy for Iraq in early January .,"['NNP', 'NNP', 'VBZ', 'TO', 'VB', 'PRP$', 'NN', 'IN', 'DT', 'JJ', 'NN', 'IN', 'NNP', 'IN', 'JJ', 'NNP', '.']","['B-per', 'I-per', 'O', 'O', 'O', 'O', 'O', 'O', 'O', 'O', 'O', 'O', 'B-geo', 'O', 'O', 'B-tim', 'O']"
Sentence: 47294,Israel claims that weapons and explosives are being smuggled from Egypt into the Gaza Strip .,"['NNP', 'VBZ', 'IN', 'NNS', 'CC', 'NNS', 'VBP', 'VBG', 'VBN', 'IN', 'NNP', 'IN', 'DT', 'NNP', 'NNP', '.']","['B-geo', 'O', 'O', 'O', 'O', 'O', 'O', 'O', 'O', 'O', 'B-geo', 'O', 'O', 'B-geo', 'I-geo', 'O']"
Sentence: 34127,Louisiana state and local officials are also investigating the levee failures .,"['NNP', 'NN', 'CC', 'JJ', 'NNS', 'VBP', 'RB', 'VBG', 'DT', 'NN', 'NNS', '.']","['B-geo', 'O', 'O', 'O', 'O', 'O', 'O', 'O', 'O', 'O', 'O', 'O']"
Sentence: 15040,Softball is better than baseball because you do n't have to watch your team lose for NINE innings .,"['NN', 'VBZ', 'JJR', 'IN', 'NN', 'IN', 'PRP', 'VBP', 'RB', 'VB', 'TO', 'VB', 'PRP$', 'NN', 'VB', 'IN', 'CD', 'NNS', '.']","['O', 'O', 'O', 'O', 'O', 'O', 'O', 'O', 'O', 'O', 'O', 'O', 'O', 'O', 'O', 'O', 'O', 'O', 'O']"
Sentence: 18642,Exports have grown significantly because of the trade benefits contained in the Africa Growth and Opportunity Act .,"['NNS', 'VBP', 'VBN', 'RB', 'IN', 'IN', 'DT', 'NN', 'NNS', 'VBN', 'IN', 'DT', 'NNP', 'NNP', 'CC', 'NNP', 'NNP', '.']","['O', 'O', 'O', 'O', 'O', 'O', 'O', 'O', 'O', 'O', 'O', 'O', 'B-geo', 'I-geo', 'O', 'B-geo', 'I-geo', 'O']"
Sentence: 19835,"Reuters news agency quotes an adviser to Rwanda 's President Paul Kagame , Richard Sezibera , who confirmed the possibility of clashes .","['NNP', 'NN', 'NN', 'VBZ', 'DT', 'NN', 'TO', 'NNP', 'POS', 'NNP', 'NNP', 'NNP', ',', 'NNP', 'NNP', ',', 'WP', 'VBD', 'DT', 'NN', 'IN', 'NNS', '.']","['B-org', 'O', 'O', 'O', 'O', 'O', 'O', 'B-geo', 'O', 'B-per', 'I-per', 'I-per', 'O', 'B-per', 'I-per', 'O', 'O', 'O', 'O', 'O', 'O', 'O', 'O']"
Sentence: 46649,Mr. Mustafa said similar packages were sent to the Thai and German embassies .,"['NNP', 'NNP', 'VBD', 'JJ', 'NNS', 'VBD', 'VBN', 'TO', 'DT', 'JJ', 'CC', 'JJ', 'NNS', '.']","['B-per', 'I-per', 'O', 'O', 'O', 'O', 'O', 'O', 'O', 'B-gpe', 'O', 'B-gpe', 'O', 'O']"
Sentence: 30321,Joyful relatives tearfully greeted the men - Christian Chesnot and Georges Malbrunot - upon their arrival at an air base outside Paris Wednesday .,"['JJ', 'NNS', 'RB', 'VBD', 'DT', 'NNS', 'IN', 'NNP', 'NNP', 'CC', 'NNP', 'NNP', ':', 'IN', 'PRP$', 'NN', 'IN', 'DT', 'NN', 'NN', 'IN', 'NNP', 'NNP', '.']","['O', 'O', 'O', 'O', 'O', 'O', 'O', 'B-per', 'I-per', 'O', 'B-per', 'I-per', 'I-per', 'O', 'O', 'O', 'O', 'O', 'O', 'O', 'O', 'B-geo', 'B-tim', 'O']"
Sentence: 22497,The desire for imaginary benefits often involves the loss of present blessings .,"['DT', 'NN', 'IN', 'JJ', 'NNS', 'RB', 'VBZ', 'DT', 'NN', 'IN', 'JJ', 'NNS', '.']","['O', 'O', 'O', 'O', 'O', 'O', 'O', 'O', 'O', 'O', 'O', 'O', 'O']"
Sentence: 29736,"With US backing , Panama seceded from Colombia in 1903 and promptly signed a treaty with the US allowing for the construction of a canal and US sovereignty over a strip of land on either side of the structure ( the Panama Canal Zone ) .","['IN', 'NNP', 'NN', ',', 'NNP', 'VBD', 'IN', 'NNP', 'IN', 'CD', 'CC', 'RB', 'VBD', 'DT', 'NN', 'IN', 'DT', 'NNP', 'VBG', 'IN', 'DT', 'NN', 'IN', 'DT', 'NN', 'CC', 'NNP', 'NN', 'IN', 'DT', 'NN', 'IN', 'NN', 'IN', 'DT', 'NN', 'IN', 'DT', 'NN', 'LRB', 'DT', 'NNP', 'NNP', 'NNP', 'RRB', '.']","['O', 'B-org', 'O', 'O', 'B-org', 'O', 'O', 'B-geo', 'O', 'B-tim', 'O', 'O', 'O', 'O', 'O', 'O', 'O', 'B-org', 'O', 'O', 'O', 'O', 'O', 'O', 'O', 'O', 'B-org', 'O', 'O', 'O', 'O', 'O', 'O', 'O', 'O', 'O', 'O', 'O', 'O', 'O', 'O', 'B-geo', 'I-geo', 'I-geo', 'O', 'O']"
Sentence: 1492,"Senator McCain wants Congress to lift a ban on offshore oil drilling , while Obama says such a measure would not help the problem in the short term .","['NNP', 'NNP', 'VBZ', 'NNP', 'TO', 'VB', 'DT', 'NN', 'IN', 'JJ', 'NN', 'NN', ',', 'IN', 'NNP', 'VBZ', 'PDT', 'DT', 'NN', 'MD', 'RB', 'VB', 'DT', 'NN', 'IN', 'DT', 'JJ', 'NN', '.']","['B-per', 'I-per', 'O', 'B-org', 'O', 'O', 'O', 'O', 'O', 'O', 'O', 'O', 'O', 'O', 'B-per', 'O', 'O', 'O', 'O', 'O', 'O', 'O', 'O', 'O', 'O', 'O', 'O', 'O', 'O']"
Sentence: 22148,Military officials said they are still investigating Ngabo 's activities .,"['NNP', 'NNS', 'VBD', 'PRP', 'VBP', 'RB', 'VBG', 'NNP', 'POS', 'NNS', '.']","['O', 'O', 'O', 'O', 'O', 'O', 'O', 'B-per', 'O', 'O', 'O']"
Sentence: 3114,Authorities continue a block-by-block search for bodies in the city of New Orleans as floodwaters there continue to recede .,"['NNS', 'VBP', 'DT', 'JJ', 'NN', 'IN', 'NNS', 'IN', 'DT', 'NN', 'IN', 'NNP', 'NNP', 'IN', 'NNS', 'RB', 'VBP', 'TO', 'VB', '.']","['O', 'O', 'O', 'O', 'O', 'O', 'O', 'O', 'O', 'O', 'O', 'B-geo', 'I-geo', 'O', 'O', 'O', 'O', 'O', 'O', 'O']"
Sentence: 41908,"U.S. , Australian and Indonesian military helicopters are also dropping food and supplies to hungry people left stranded in isolated western areas of the province .","['NNP', ',', 'JJ', 'CC', 'JJ', 'NN', 'NNS', 'VBP', 'RB', 'VBG', 'NN', 'CC', 'NNS', 'TO', 'JJ', 'NNS', 'VBN', 'VBN', 'IN', 'VBN', 'JJ', 'NNS', 'IN', 'DT', 'NN', '.']","['B-org', 'O', 'B-gpe', 'O', 'B-gpe', 'O', 'O', 'O', 'O', 'O', 'O', 'O', 'O', 'O', 'O', 'O', 'O', 'O', 'O', 'O', 'O', 'O', 'O', 'O', 'O', 'O']"
Sentence: 10338,"Economists closely watch the private payrolls figure , because private companies do the bulk of hiring in the United States .","['NNS', 'RB', 'VBP', 'DT', 'JJ', 'NNS', 'NN', ',', 'IN', 'JJ', 'NNS', 'VBP', 'DT', 'NN', 'IN', 'VBG', 'IN', 'DT', 'NNP', 'NNPS', '.']","['O', 'O', 'O', 'O', 'O', 'O', 'O', 'O', 'O', 'O', 'O', 'O', 'O', 'O', 'O', 'O', 'O', 'O', 'B-geo', 'I-geo', 'O']"
Sentence: 24066,"Former American Idol castoff Jennifer Hudson continued her Cinderella story , winning the Entertainer Of The Year award for her supporting role in the movie Dreamgirls .","['JJ', 'JJ', 'NNP', 'NN', 'NNP', 'NNP', 'VBD', 'PRP$', 'NNP', 'NN', ',', 'VBG', 'DT', 'NNP', 'IN', 'DT', 'NN', 'NN', 'IN', 'PRP$', 'JJ', 'NN', 'IN', 'DT', 'NN', 'NNS', '.']","['O', 'B-gpe', 'B-org', 'O', 'B-per', 'I-per', 'O', 'O', 'B-per', 'O', 'O', 'O', 'O', 'O', 'O', 'B-org', 'I-org', 'O', 'O', 'O', 'O', 'O', 'O', 'O', 'O', 'O', 'O']"
Sentence: 9986,Police say they have arrested several men in a series of raids for illegally preparing and selling the homemade alcohol .,"['NNS', 'VBP', 'PRP', 'VBP', 'VBN', 'JJ', 'NNS', 'IN', 'DT', 'NN', 'IN', 'NNS', 'IN', 'RB', 'VBG', 'CC', 'VBG', 'DT', 'JJ', 'NN', '.']","['O', 'O', 'O', 'O', 'O', 'O', 'O', 'O', 'O', 'O', 'O', 'O', 'O', 'O', 'O', 'O', 'O', 'O', 'O', 'O', 'O']"
Sentence: 37950,The court says there are reasons to believe Lubanga enlisted children under the age of 15 to participate in fighting .,"['DT', 'NN', 'VBZ', 'EX', 'VBP', 'NNS', 'TO', 'VB', 'NNP', 'JJ', 'NNS', 'IN', 'DT', 'NN', 'IN', 'CD', 'TO', 'VB', 'IN', 'NN', '.']","['O', 'O', 'O', 'O', 'O', 'O', 'O', 'O', 'B-per', 'O', 'O', 'O', 'O', 'O', 'O', 'O', 'O', 'O', 'O', 'O', 'O']"
Sentence: 14110,"Also in East Asia , the State Department reports North Korea remains an absolute dictatorship where the government 's human rights record is extremely poor .","['RB', 'IN', 'NNP', 'NNP', ',', 'DT', 'NNP', 'NNP', 'VBZ', 'NNP', 'NNP', 'VBZ', 'DT', 'JJ', 'NN', 'WRB', 'DT', 'NN', 'POS', 'JJ', 'NNS', 'NN', 'VBZ', 'RB', 'JJ', '.']","['O', 'O', 'B-geo', 'I-geo', 'O', 'O', 'B-org', 'I-org', 'O', 'B-geo', 'I-geo', 'O', 'O', 'O', 'O', 'O', 'O', 'O', 'O', 'O', 'O', 'O', 'O', 'O', 'O', 'O']"
Sentence: 26648,"Fighting between Thai security forces and anti-government Red Shirts killed 90 people and wounded about 1,900 others during the protesters ' 10-week occupation of part of downtown Bangkok .","['VBG', 'IN', 'JJ', 'NN', 'NNS', 'CC', 'JJ', 'NNP', 'NNP', 'VBD', 'CD', 'NNS', 'CC', 'VBD', 'IN', 'CD', 'NNS', 'IN', 'DT', 'NNS', 'POS', 'JJ', 'NN', 'IN', 'NN', 'IN', 'NN', 'NNP', '.']","['O', 'O', 'B-gpe', 'O', 'O', 'O', 'O', 'B-org', 'I-org', 'O', 'O', 'O', 'O', 'O', 'O', 'O', 'O', 'O', 'O', 'O', 'O', 'O', 'O', 'O', 'O', 'O', 'O', 'B-geo', 'O']"
Sentence: 14604,Germans shut down the Soviet-built research reactor soon after reunification in 1990 .,"['NNS', 'VBD', 'RP', 'DT', 'JJ', 'NN', 'NN', 'RB', 'IN', 'NN', 'IN', 'CD', '.']","['B-gpe', 'O', 'O', 'O', 'O', 'O', 'O', 'O', 'O', 'O', 'O', 'B-tim', 'O']"
Sentence: 41104,Deposed Honduran President Manuel Zelaya says talks on ending the stand-off stemming from his ouster have broken down .,"['JJ', 'JJ', 'NNP', 'NNP', 'NNP', 'VBZ', 'NNS', 'IN', 'VBG', 'DT', 'NN', 'VBG', 'IN', 'PRP$', 'NN', 'VBP', 'VBN', 'RP', '.']","['O', 'B-gpe', 'B-per', 'I-per', 'I-per', 'O', 'O', 'O', 'O', 'O', 'O', 'O', 'O', 'O', 'O', 'O', 'O', 'O', 'O']"
Sentence: 45973,Catherine Drew brings us this new form of music .,"['NNP', 'NNP', 'VBZ', 'PRP', 'DT', 'JJ', 'NN', 'IN', 'NN', '.']","['B-per', 'I-per', 'O', 'O', 'O', 'O', 'O', 'O', 'O', 'O']"
Sentence: 26538,"Schlegel , a German , missed a previous spacewalk due to an undisclosed illness .","['NNP', ',', 'DT', 'NN', ',', 'VBD', 'DT', 'JJ', 'NN', 'JJ', 'TO', 'DT', 'JJ', 'NN', '.']","['B-per', 'O', 'O', 'B-gpe', 'O', 'O', 'O', 'O', 'O', 'O', 'O', 'O', 'O', 'O', 'O']"
Sentence: 21563,Costa Rica 's constitutional court has blocked a referendum that would have let voters decide if same-sex civil unions should be allowed in the Central American country .,"['NNP', 'NNP', 'POS', 'JJ', 'NN', 'VBZ', 'VBN', 'DT', 'NN', 'WDT', 'MD', 'VB', 'VBN', 'NNS', 'VB', 'IN', 'JJ', 'JJ', 'NNS', 'MD', 'VB', 'VBN', 'IN', 'DT', 'JJ', 'JJ', 'NN', '.']","['B-per', 'I-per', 'O', 'O', 'O', 'O', 'O', 'O', 'O', 'O', 'O', 'O', 'O', 'O', 'O', 'O', 'O', 'O', 'O', 'O', 'O', 'O', 'O', 'O', 'O', 'B-gpe', 'O', 'O']"
Sentence: 24003,Mr. Abbas is running in the January 9 presidential election to succeed the late Yasser Arafat .,"['NNP', 'NNP', 'VBZ', 'VBG', 'IN', 'DT', 'NNP', 'CD', 'JJ', 'NN', 'TO', 'VB', 'DT', 'JJ', 'NNP', 'NNP', '.']","['B-per', 'I-per', 'O', 'O', 'O', 'O', 'B-tim', 'I-tim', 'O', 'O', 'O', 'O', 'O', 'O', 'B-org', 'I-org', 'O']"
Sentence: 3836,The U.S. military says coalition soldiers in Iraq have killed 24 insurgents who attacked a coalition convoy outside Baghdad .,"['DT', 'NNP', 'NN', 'VBZ', 'NN', 'NNS', 'IN', 'NNP', 'VBP', 'VBN', 'CD', 'NNS', 'WP', 'VBD', 'DT', 'NN', 'NN', 'IN', 'NNP', '.']","['O', 'B-geo', 'O', 'O', 'O', 'O', 'O', 'B-geo', 'O', 'O', 'O', 'O', 'O', 'O', 'O', 'O', 'O', 'O', 'B-geo', 'O']"
Sentence: 13660,Afghan officials say two senior members of Afghanistan 's former Taleban regime have surrendered to the government under an amnesty offer .,"['JJ', 'NNS', 'VBP', 'CD', 'JJ', 'NNS', 'IN', 'NNP', 'POS', 'JJ', 'NNP', 'NN', 'VBP', 'VBN', 'TO', 'DT', 'NN', 'IN', 'DT', 'JJ', 'NN', '.']","['B-gpe', 'O', 'O', 'O', 'O', 'O', 'O', 'B-geo', 'O', 'O', 'B-org', 'O', 'O', 'O', 'O', 'O', 'O', 'O', 'O', 'O', 'O', 'O']"
Sentence: 38389,The independence vote is part of a 2005 peace deal between the north and the south that ended 21 years of civil war .,"['DT', 'NN', 'NN', 'VBZ', 'NN', 'IN', 'DT', 'CD', 'NN', 'NN', 'IN', 'DT', 'NN', 'CC', 'DT', 'NN', 'WDT', 'VBD', 'CD', 'NNS', 'IN', 'JJ', 'NN', '.']","['O', 'O', 'O', 'O', 'O', 'O', 'O', 'O', 'O', 'O', 'O', 'O', 'O', 'O', 'O', 'O', 'O', 'O', 'B-tim', 'O', 'O', 'O', 'O', 'O']"
Sentence: 43144,Mr. Hariri became prime minister in 1992 as optimism swept Lebanon two years after the end of its 15-year civil war .,"['NNP', 'NNP', 'VBD', 'JJ', 'NN', 'IN', 'CD', 'IN', 'NN', 'VBD', 'NNP', 'CD', 'NNS', 'IN', 'DT', 'NN', 'IN', 'PRP$', 'JJ', 'JJ', 'NN', '.']","['B-per', 'I-per', 'O', 'O', 'O', 'O', 'B-tim', 'O', 'O', 'O', 'B-geo', 'B-tim', 'O', 'O', 'O', 'B-tim', 'O', 'O', 'O', 'O', 'O', 'O']"
Sentence: 35373,U.S. stock market indexes posted strong gains in Tuesday 's afternoon trading .,"['NNP', 'NN', 'NN', 'NNS', 'VBD', 'JJ', 'NNS', 'IN', 'NNP', 'POS', 'NN', 'NN', '.']","['B-geo', 'O', 'O', 'O', 'O', 'O', 'O', 'O', 'B-tim', 'I-tim', 'I-tim', 'O', 'O']"
Sentence: 27873,"In other developments , a new video shows a bound blond-haired man claiming to be a 63-year-old Australian national surrounded by gunmen and urging coalition forces to leave Iraq .","['IN', 'JJ', 'NNS', ',', 'DT', 'JJ', 'NN', 'VBZ', 'DT', 'VBN', 'JJ', 'NN', 'VBG', 'TO', 'VB', 'DT', 'JJ', 'JJ', 'NN', 'VBN', 'IN', 'NNS', 'CC', 'VBG', 'NN', 'NNS', 'TO', 'VB', 'NNP', '.']","['O', 'O', 'O', 'O', 'O', 'O', 'O', 'O', 'O', 'O', 'O', 'O', 'O', 'O', 'O', 'O', 'O', 'B-gpe', 'O', 'O', 'O', 'O', 'O', 'O', 'O', 'O', 'O', 'O', 'B-geo', 'O']"
Sentence: 21375,Former Argentine President Carlos Menem has been charged with fraud in connection with a contract awarded to a local subsidiary of a French defense company .,"['JJ', 'JJ', 'NNP', 'NNP', 'NNP', 'VBZ', 'VBN', 'VBN', 'IN', 'NN', 'IN', 'NN', 'IN', 'DT', 'NN', 'VBN', 'TO', 'DT', 'JJ', 'NN', 'IN', 'DT', 'JJ', 'NN', 'NN', '.']","['O', 'B-gpe', 'B-per', 'I-per', 'I-per', 'O', 'O', 'O', 'O', 'O', 'O', 'O', 'O', 'O', 'O', 'O', 'O', 'O', 'O', 'O', 'O', 'O', 'B-gpe', 'O', 'O', 'O']"
Sentence: 33570,"Although he allowed one goal by Latvia , he faced only seven shots in two periods before being replaced by his back-up .","['IN', 'PRP', 'VBD', 'CD', 'NN', 'IN', 'NNP', ',', 'PRP', 'VBD', 'RB', 'CD', 'NNS', 'IN', 'CD', 'NNS', 'IN', 'VBG', 'VBN', 'IN', 'PRP$', 'NN', '.']","['O', 'O', 'O', 'O', 'O', 'O', 'B-geo', 'O', 'O', 'O', 'O', 'O', 'O', 'O', 'O', 'O', 'O', 'O', 'O', 'O', 'O', 'O', 'O']"
Sentence: 32952,She is expected to be sworn in during an inauguration ceremony on Saturday and parliamentary elections are set for October 10 .,"['PRP', 'VBZ', 'VBN', 'TO', 'VB', 'VBN', 'IN', 'IN', 'DT', 'NN', 'NN', 'IN', 'NNP', 'CC', 'JJ', 'NNS', 'VBP', 'VBN', 'IN', 'NNP', 'CD', '.']","['O', 'O', 'O', 'O', 'O', 'O', 'O', 'O', 'O', 'O', 'O', 'O', 'B-tim', 'O', 'O', 'O', 'O', 'O', 'O', 'B-tim', 'I-tim', 'O']"
Sentence: 448,Sperling has spent the first two years of the Obama administration as a counselor to Treasury Secretary Timothy Geithner .,"['NNP', 'VBZ', 'VBN', 'DT', 'JJ', 'CD', 'NNS', 'IN', 'DT', 'NNP', 'NN', 'IN', 'DT', 'NN', 'TO', 'NNP', 'NNP', 'NNP', 'NNP', '.']","['B-per', 'O', 'O', 'O', 'O', 'O', 'O', 'O', 'O', 'B-per', 'O', 'O', 'O', 'O', 'O', 'B-per', 'I-per', 'I-per', 'I-per', 'O']"
Sentence: 4292,"The Agriculture Ministry says the virus was detected in Ukraine 's Crimea peninsula , but it is not known yet if the virus is the strain that is dangerous to humans .","['DT', 'NNP', 'NNP', 'VBZ', 'DT', 'NN', 'VBD', 'VBN', 'IN', 'NNP', 'POS', 'NNP', 'NN', ',', 'CC', 'PRP', 'VBZ', 'RB', 'VBN', 'RB', 'IN', 'DT', 'NN', 'VBZ', 'DT', 'NN', 'WDT', 'VBZ', 'JJ', 'TO', 'NNS', '.']","['O', 'B-org', 'I-org', 'O', 'O', 'O', 'O', 'O', 'O', 'B-geo', 'O', 'B-geo', 'I-geo', 'O', 'O', 'O', 'O', 'O', 'O', 'O', 'O', 'O', 'O', 'O', 'O', 'O', 'O', 'O', 'O', 'O', 'O', 'O']"
Sentence: 35723,"In January this year , a suspected al-Qaida terrorist was killed , and three were captured , in a shootout with police during a robbery attempt in Istanbul .","['IN', 'NNP', 'DT', 'NN', ',', 'DT', 'VBN', 'NNP', 'NN', 'VBD', 'VBN', ',', 'CC', 'CD', 'VBD', 'VBN', ',', 'IN', 'DT', 'NN', 'IN', 'NNS', 'IN', 'DT', 'NN', 'NN', 'IN', 'NNP', '.']","['O', 'B-tim', 'O', 'O', 'O', 'O', 'O', 'B-org', 'O', 'O', 'O', 'O', 'O', 'O', 'O', 'O', 'O', 'O', 'O', 'O', 'O', 'O', 'O', 'O', 'O', 'O', 'O', 'B-geo', 'O']"
Sentence: 42905,"The International Atomic Energy Agency officials , speaking on condition of anonymity , say uranium gas has been fed into some machines .","['DT', 'NNP', 'NNP', 'NNP', 'NNP', 'NNS', ',', 'VBG', 'IN', 'NN', 'IN', 'NN', ',', 'VBP', 'NN', 'NN', 'VBZ', 'VBN', 'VBN', 'IN', 'DT', 'NNS', '.']","['O', 'B-org', 'I-org', 'I-org', 'I-org', 'O', 'O', 'O', 'O', 'O', 'O', 'O', 'O', 'O', 'O', 'O', 'O', 'O', 'O', 'O', 'O', 'O', 'O']"
Sentence: 25885,"European nations are trying to ease the impact of the recession by crafting stimulus packages that now total in the hundreds of billions of dollars , which will boost government deficits .","['JJ', 'NNS', 'VBP', 'VBG', 'TO', 'VB', 'DT', 'NN', 'IN', 'DT', 'NN', 'IN', 'VBG', 'NN', 'NNS', 'WDT', 'RB', 'VBP', 'IN', 'DT', 'NNS', 'IN', 'NNS', 'IN', 'NNS', ',', 'WDT', 'MD', 'VB', 'NN', 'NNS', '.']","['O', 'O', 'O', 'O', 'O', 'O', 'O', 'O', 'O', 'O', 'O', 'O', 'O', 'O', 'O', 'O', 'O', 'O', 'O', 'O', 'O', 'O', 'O', 'O', 'O', 'O', 'O', 'O', 'O', 'O', 'O', 'O']"
Sentence: 8247,Palestinians assumed control of Jericho last week .,"['NNS', 'VBD', 'NN', 'IN', 'NNP', 'JJ', 'NN', '.']","['B-gpe', 'O', 'O', 'O', 'B-geo', 'O', 'O', 'O']"
Sentence: 26543,"Mr. Bush said in his weekly radio address Saturday that the effort in Iraq and the broader Middle East will require more time , sacrifice and continued resolve .","['NNP', 'NNP', 'VBD', 'IN', 'PRP$', 'JJ', 'NN', 'NN', 'NNP', 'IN', 'DT', 'NN', 'IN', 'NNP', 'CC', 'DT', 'JJR', 'NNP', 'NNP', 'MD', 'VB', 'JJR', 'NN', ',', 'NN', 'CC', 'JJ', 'NN', '.']","['B-per', 'I-per', 'O', 'O', 'O', 'O', 'O', 'O', 'B-tim', 'O', 'O', 'O', 'O', 'B-geo', 'O', 'O', 'O', 'B-geo', 'I-geo', 'O', 'O', 'O', 'O', 'O', 'O', 'O', 'O', 'O', 'O']"
Sentence: 40525,A firefight broke out when an army patrol arrived at the scene at the same time to investigate a separate report about the FARC .,"['DT', 'NN', 'VBD', 'RP', 'WRB', 'DT', 'NN', 'NN', 'VBD', 'IN', 'DT', 'NN', 'IN', 'DT', 'JJ', 'NN', 'TO', 'VB', 'DT', 'JJ', 'NN', 'IN', 'DT', 'NNP', '.']","['O', 'O', 'O', 'O', 'O', 'O', 'O', 'O', 'O', 'O', 'O', 'O', 'O', 'O', 'O', 'O', 'O', 'O', 'O', 'O', 'O', 'O', 'O', 'B-org', 'O']"
Sentence: 13702,Police have been hunting him and Azahari since the 2002 Bali bombings that killed 202 people .,"['NNS', 'VBP', 'VBN', 'VBG', 'PRP', 'CC', 'NNP', 'IN', 'DT', 'CD', 'NNP', 'NNS', 'WDT', 'VBD', 'CD', 'NNS', '.']","['O', 'O', 'O', 'O', 'O', 'O', 'B-geo', 'O', 'O', 'B-tim', 'I-tim', 'O', 'O', 'O', 'O', 'O', 'O']"
Sentence: 45426,"In a statement , the ministry said the woman , from Menoufia province in the Nile Delta , was admitted to a hospital on Saturday and died Monday .","['IN', 'DT', 'NN', ',', 'DT', 'NN', 'VBD', 'DT', 'NN', ',', 'IN', 'NNP', 'NN', 'IN', 'DT', 'NNP', 'NNP', ',', 'VBD', 'VBN', 'TO', 'DT', 'NN', 'IN', 'NNP', 'CC', 'VBD', 'NNP', '.']","['O', 'O', 'O', 'O', 'O', 'O', 'O', 'O', 'O', 'O', 'O', 'B-geo', 'O', 'O', 'O', 'B-org', 'I-org', 'O', 'O', 'O', 'O', 'O', 'O', 'O', 'B-tim', 'O', 'O', 'B-tim', 'O']"
Sentence: 37637,Iran says it will sign a deal next week with Russia under which Moscow will provide fuel to Iran 's Bushehr nuclear power plant .,"['NNP', 'VBZ', 'PRP', 'MD', 'VB', 'DT', 'NN', 'JJ', 'NN', 'IN', 'NNP', 'IN', 'WDT', 'NNP', 'MD', 'VB', 'NN', 'TO', 'NNP', 'POS', 'NNP', 'JJ', 'NN', 'NN', '.']","['B-geo', 'O', 'O', 'O', 'O', 'O', 'O', 'O', 'O', 'O', 'B-geo', 'O', 'O', 'B-geo', 'O', 'O', 'O', 'O', 'B-geo', 'O', 'B-geo', 'O', 'O', 'O', 'O']"
Sentence: 22532,New mobile phone buyers in China must register their personal data under a new rule that many see as an invasion of privacy .,"['NNP', 'JJ', 'NN', 'NNS', 'IN', 'NNP', 'MD', 'VB', 'PRP$', 'JJ', 'NNS', 'IN', 'DT', 'JJ', 'NN', 'IN', 'NN', 'VBP', 'IN', 'DT', 'NN', 'IN', 'NN', '.']","['O', 'O', 'O', 'O', 'O', 'B-geo', 'O', 'O', 'O', 'O', 'O', 'O', 'O', 'O', 'O', 'O', 'O', 'O', 'O', 'O', 'O', 'O', 'O', 'O']"
Sentence: 36735,The prisoners ' lawsuits challenge the legality of their confinement at the prison .,"['DT', 'NNS', 'POS', 'NNS', 'VBP', 'DT', 'NN', 'IN', 'PRP$', 'NN', 'IN', 'DT', 'NN', '.']","['O', 'O', 'O', 'O', 'O', 'O', 'O', 'O', 'O', 'O', 'O', 'O', 'O', 'O']"
Sentence: 24070,"The 1995 agreement ended a brutal ethnic war that killed more than 2,00,000 people .","['DT', 'CD', 'NN', 'VBD', 'DT', 'JJ', 'JJ', 'NN', 'WDT', 'VBD', 'JJR', 'IN', 'CD', 'NNS', '.']","['O', 'B-tim', 'O', 'O', 'O', 'O', 'O', 'O', 'O', 'O', 'O', 'O', 'O', 'O', 'O']"
Sentence: 20762,Tehran insists it has every right to enrich uranium for reactors to make electricity .,"['NNP', 'VBZ', 'PRP', 'VBZ', 'DT', 'NN', 'TO', 'VB', 'NN', 'IN', 'NNS', 'TO', 'VB', 'NN', '.']","['B-geo', 'O', 'O', 'O', 'O', 'O', 'O', 'O', 'O', 'O', 'O', 'O', 'O', 'O', 'O']"
Sentence: 16208,"Security officials say rockets hit a base near Miranshah in North Waziristan before dawn Sunday , killing at least three people , including a soldier , and wounding four .","['NN', 'NNS', 'VBP', 'NNS', 'VBD', 'DT', 'NN', 'IN', 'NNP', 'IN', 'NNP', 'NNP', 'IN', 'NN', 'NNP', ',', 'VBG', 'IN', 'JJ', 'CD', 'NNS', ',', 'IN', 'DT', 'NN', ',', 'CC', 'VBG', 'CD', '.']","['O', 'O', 'O', 'O', 'O', 'O', 'O', 'O', 'B-geo', 'O', 'B-geo', 'I-geo', 'O', 'B-tim', 'I-tim', 'O', 'O', 'O', 'O', 'O', 'O', 'O', 'O', 'O', 'O', 'O', 'O', 'O', 'O', 'O']"
Sentence: 4738,Thousands of riot police were deployed along the march route .,"['NNS', 'IN', 'NN', 'NNS', 'VBD', 'VBN', 'IN', 'DT', 'NN', 'NN', '.']","['O', 'O', 'O', 'O', 'O', 'O', 'O', 'O', 'O', 'O', 'O']"
Sentence: 32362,The U.S. Coast Guard is searching for a family of five who went out boating Thursday morning and never reached their destination Cape Coral on Florida 's southwest coast .,"['DT', 'NNP', 'NNP', 'NNP', 'VBZ', 'VBG', 'IN', 'DT', 'NN', 'IN', 'CD', 'WP', 'VBD', 'RP', 'VBG', 'NNP', 'NN', 'CC', 'RB', 'VBD', 'PRP$', 'NN', 'NNP', 'NNP', 'IN', 'NNP', 'POS', 'JJS', 'NN', '.']","['O', 'B-org', 'I-org', 'I-org', 'O', 'O', 'O', 'O', 'O', 'O', 'O', 'O', 'O', 'O', 'O', 'B-tim', 'I-tim', 'O', 'O', 'O', 'O', 'O', 'B-geo', 'I-geo', 'O', 'B-geo', 'O', 'O', 'O', 'O']"
Sentence: 14311,"Mr. Douste-Blazy told French television Tuesday that in the name of human rights , it is unthinkable to leave her in such conditions .","['NNP', 'NNP', 'VBD', 'JJ', 'NN', 'NNP', 'IN', 'IN', 'DT', 'NN', 'IN', 'JJ', 'NNS', ',', 'PRP', 'VBZ', 'JJ', 'TO', 'VB', 'PRP', 'IN', 'JJ', 'NNS', '.']","['B-per', 'I-per', 'O', 'B-gpe', 'O', 'B-tim', 'O', 'O', 'O', 'O', 'O', 'O', 'O', 'O', 'O', 'O', 'O', 'O', 'O', 'O', 'O', 'O', 'O', 'O']"
Sentence: 7050,"A HART , hard pressed in the chase , hid himself beneath the large leaves of a Vine .","['DT', 'NN', ',', 'RB', 'VBN', 'IN', 'DT', 'NN', ',', 'VBD', 'PRP', 'IN', 'DT', 'JJ', 'NNS', 'IN', 'DT', 'NN', '.']","['O', 'O', 'O', 'O', 'O', 'O', 'O', 'O', 'O', 'O', 'O', 'O', 'O', 'O', 'O', 'O', 'O', 'O', 'O']"
Sentence: 11130,"The government has charged at least 129 opposition leaders , journalists and others with treason and planning to commit genocide .","['DT', 'NN', 'VBZ', 'VBN', 'IN', 'JJS', 'CD', 'NN', 'NNS', ',', 'NNS', 'CC', 'NNS', 'IN', 'NN', 'CC', 'NN', 'TO', 'VB', 'NN', '.']","['O', 'O', 'O', 'O', 'O', 'O', 'O', 'O', 'O', 'O', 'O', 'O', 'O', 'O', 'O', 'O', 'O', 'O', 'O', 'O', 'O']"
Sentence: 205,A statement from the health ministry said the woman 's family kept chickens in their backyard .,"['DT', 'NN', 'IN', 'DT', 'NN', 'NN', 'VBD', 'DT', 'NN', 'POS', 'NN', 'VBD', 'NNS', 'IN', 'PRP$', 'NN', '.']","['O', 'O', 'O', 'O', 'O', 'O', 'O', 'O', 'O', 'O', 'O', 'O', 'O', 'O', 'O', 'O', 'O']"
Sentence: 35894,"Venezuela sells about 98,000 barrels of crude oil daily to Cuba .","['NNP', 'VBZ', 'IN', 'CD', 'NNS', 'IN', 'JJ', 'NN', 'NN', 'TO', 'NNP', '.']","['B-org', 'O', 'O', 'O', 'O', 'O', 'O', 'O', 'O', 'O', 'B-geo', 'O']"
Sentence: 41359,The Islamic militant group Hamas says it has formed its cabinet and will present the choices to Palestinian President Mahmoud Abbas on Sunday .,"['DT', 'NNP', 'JJ', 'NN', 'NNP', 'VBZ', 'PRP', 'VBZ', 'VBN', 'PRP$', 'NN', 'CC', 'MD', 'VB', 'DT', 'NNS', 'TO', 'JJ', 'NNP', 'NNP', 'NNP', 'IN', 'NNP', '.']","['O', 'B-org', 'I-org', 'I-org', 'I-org', 'O', 'O', 'O', 'O', 'O', 'O', 'O', 'O', 'O', 'O', 'O', 'O', 'B-gpe', 'B-per', 'I-per', 'I-per', 'O', 'B-tim', 'O']"
Sentence: 28264,Afghan officials say the U.S. military has handed over six Afghan villagers who were detained during a raid early Tuesday at a compound where troops discovered bomb-making materials .,"['JJ', 'NNS', 'VBP', 'DT', 'NNP', 'NN', 'VBZ', 'VBN', 'RP', 'CD', 'JJ', 'NNS', 'WP', 'VBD', 'VBN', 'IN', 'DT', 'NN', 'RB', 'NNP', 'IN', 'DT', 'NN', 'WRB', 'NNS', 'VBD', 'JJ', 'NNS', '.']","['B-gpe', 'O', 'O', 'O', 'B-geo', 'O', 'O', 'O', 'O', 'O', 'B-gpe', 'O', 'O', 'O', 'O', 'O', 'O', 'O', 'O', 'B-tim', 'O', 'O', 'O', 'O', 'O', 'O', 'O', 'O', 'O']"
Sentence: 28814,"In Baghdad today , the Iraqi Defense Ministry said 157 insurgents have been killed since Sunday .","['IN', 'NNP', 'NN', ',', 'DT', 'JJ', 'NNP', 'NNP', 'VBD', 'CD', 'NNS', 'VBP', 'VBN', 'VBN', 'IN', 'NNP', '.']","['O', 'B-geo', 'B-tim', 'O', 'O', 'B-gpe', 'B-org', 'I-org', 'O', 'O', 'O', 'O', 'O', 'O', 'B-tim', 'I-tim', 'O']"
Sentence: 1563,European Union officials say transportation and other logistical problems are holding up some of the massive amounts of humanitarian aid European countries have offered to victims of Hurricane Katrina .,"['NNP', 'NNP', 'NNS', 'VBP', 'NN', 'CC', 'JJ', 'JJ', 'NNS', 'VBP', 'VBG', 'RP', 'DT', 'IN', 'DT', 'JJ', 'NNS', 'IN', 'JJ', 'NN', 'JJ', 'NNS', 'VBP', 'VBN', 'TO', 'NNS', 'IN', 'NNP', 'NNP', '.']","['B-org', 'I-org', 'O', 'O', 'O', 'O', 'O', 'O', 'O', 'O', 'O', 'O', 'O', 'O', 'O', 'O', 'O', 'O', 'O', 'O', 'O', 'O', 'O', 'O', 'O', 'O', 'O', 'B-nat', 'I-nat', 'O']"
Sentence: 40139,"U.S. economic troubles are being blamed for rising energy prices , but it is not just the price of oil that is going up .","['NNP', 'JJ', 'NNS', 'VBP', 'VBG', 'VBN', 'IN', 'VBG', 'NN', 'NNS', ',', 'CC', 'PRP', 'VBZ', 'RB', 'RB', 'DT', 'NN', 'IN', 'NN', 'WDT', 'VBZ', 'VBG', 'RP', '.']","['B-geo', 'O', 'O', 'O', 'O', 'O', 'O', 'O', 'O', 'O', 'O', 'O', 'O', 'O', 'O', 'O', 'O', 'O', 'O', 'O', 'O', 'O', 'O', 'O', 'O']"
Sentence: 34400,Retailers rely on the first few days after the Thanksgiving holiday as a key time to boost overall sales for the year .,"['NNS', 'VBP', 'IN', 'DT', 'JJ', 'JJ', 'NNS', 'IN', 'DT', 'NNP', 'NN', 'IN', 'DT', 'JJ', 'NN', 'TO', 'VB', 'JJ', 'NNS', 'IN', 'DT', 'NN', '.']","['O', 'O', 'O', 'O', 'B-tim', 'I-tim', 'O', 'O', 'O', 'B-tim', 'O', 'O', 'O', 'O', 'O', 'O', 'O', 'O', 'O', 'O', 'O', 'O', 'O']"
Sentence: 23703,"Togo 's interim leader , Abbas Bonfoh , says Sunday 's presidential elections will take place as scheduled , and he fired a powerful minister who called for a delay .","['NNP', 'POS', 'JJ', 'NN', ',', 'NNP', 'NNP', ',', 'VBZ', 'NNP', 'POS', 'JJ', 'NNS', 'MD', 'VB', 'NN', 'IN', 'VBN', ',', 'CC', 'PRP', 'VBD', 'DT', 'JJ', 'NN', 'WP', 'VBD', 'IN', 'DT', 'NN', '.']","['B-geo', 'O', 'O', 'O', 'O', 'B-per', 'I-per', 'O', 'O', 'B-tim', 'O', 'O', 'O', 'O', 'O', 'O', 'O', 'O', 'O', 'O', 'O', 'O', 'O', 'O', 'O', 'O', 'O', 'O', 'O', 'O', 'O']"
Sentence: 11542,"Kashmir is suffering from a 17-year insurgency that has killed more than 45,000 people .","['NNP', 'VBZ', 'VBG', 'IN', 'DT', 'JJ', 'NN', 'WDT', 'VBZ', 'VBN', 'JJR', 'IN', 'CD', 'NNS', '.']","['O', 'O', 'O', 'O', 'O', 'O', 'O', 'O', 'O', 'O', 'O', 'O', 'O', 'O', 'O']"
Sentence: 19947,Officials say three missiles hit a vehicle carrying the militants in the Datta Khel village in the North Waziristan tribal district .,"['NNS', 'VBP', 'CD', 'NNS', 'VBD', 'DT', 'NN', 'VBG', 'DT', 'NNS', 'IN', 'DT', 'NNP', 'NNP', 'NN', 'IN', 'DT', 'NNP', 'NNP', 'JJ', 'NN', '.']","['O', 'O', 'O', 'O', 'O', 'O', 'O', 'O', 'O', 'O', 'O', 'O', 'B-geo', 'I-geo', 'O', 'O', 'O', 'B-geo', 'I-geo', 'O', 'O', 'O']"
Sentence: 15567,Lee Chun-soo and Ahn Jung-hwan scored for South Korea .,"['NNP', 'NNP', 'CC', 'NNP', 'NNP', 'VBD', 'IN', 'NNP', 'NNP', '.']","['B-per', 'I-per', 'O', 'B-per', 'I-per', 'O', 'O', 'B-geo', 'I-geo', 'O']"
Sentence: 1969,He said there are reports that more than 500 bodies are in the grave .,"['PRP', 'VBD', 'EX', 'VBP', 'NNS', 'IN', 'JJR', 'IN', 'CD', 'NNS', 'VBP', 'IN', 'DT', 'NN', '.']","['O', 'O', 'O', 'O', 'O', 'O', 'O', 'O', 'O', 'O', 'O', 'O', 'O', 'O', 'O']"
Sentence: 30881,"Those deaths were the first reported bird flu fatalities outside eastern Asia , where more than 70 infected people have died since 2003","['DT', 'NNS', 'VBD', 'DT', 'JJ', 'VBN', 'NN', 'NN', 'NNS', 'IN', 'JJ', 'NNP', ',', 'WRB', 'JJR', 'IN', 'CD', 'JJ', 'NNS', 'VBP', 'VBN', 'IN', 'CD']","['O', 'O', 'O', 'O', 'O', 'O', 'O', 'O', 'O', 'O', 'O', 'B-geo', 'O', 'O', 'O', 'O', 'O', 'O', 'O', 'O', 'O', 'B-tim', 'I-tim']"
Sentence: 32305,Squid accounts for 75 % of the fish taken .,"['JJ', 'NNS', 'IN', 'CD', 'NN', 'IN', 'DT', 'NN', 'VBN', '.']","['O', 'O', 'O', 'O', 'O', 'O', 'O', 'O', 'O', 'O']"
Sentence: 26874,Witnesses say members of the Beja tribal group were marching to the governor 's office in the eastern city of Port Sudan Saturday when the violence began .,"['NNS', 'VBP', 'NNS', 'IN', 'DT', 'NNP', 'NN', 'NN', 'VBD', 'VBG', 'TO', 'DT', 'NN', 'POS', 'NN', 'IN', 'DT', 'JJ', 'NN', 'IN', 'NNP', 'NNP', 'NNP', 'WRB', 'DT', 'NN', 'VBD', '.']","['O', 'O', 'O', 'O', 'O', 'B-geo', 'O', 'O', 'O', 'O', 'O', 'O', 'O', 'O', 'O', 'O', 'O', 'O', 'O', 'O', 'B-geo', 'I-geo', 'B-tim', 'O', 'O', 'O', 'O', 'O']"
Sentence: 22763,"Hong Kong Chief Executive Tung Chee-hwa met Saturday with Chinese President Hu Jintao , amid expectations the territory 's unpopular leader will resign .","['NNP', 'NNP', 'NNP', 'NNP', 'NNP', 'NNP', 'VBD', 'NNP', 'IN', 'JJ', 'NNP', 'NNP', 'NNP', ',', 'IN', 'NNS', 'DT', 'NN', 'POS', 'JJ', 'NN', 'MD', 'VB', '.']","['B-geo', 'I-geo', 'O', 'O', 'B-per', 'I-per', 'O', 'B-tim', 'O', 'B-gpe', 'B-per', 'I-per', 'I-per', 'O', 'O', 'O', 'O', 'O', 'O', 'O', 'O', 'O', 'O', 'O']"
Sentence: 8411,"As the place of meeting was lonely and the time midnight , the State Official set down the Dome of the Capitol , and commanded the supposed traveller to throw up his hands .","['IN', 'DT', 'NN', 'IN', 'NN', 'VBD', 'JJ', 'CC', 'DT', 'NN', 'NN', ',', 'DT', 'NNP', 'NNP', 'VBD', 'RP', 'DT', 'NN', 'IN', 'DT', 'NNP', ',', 'CC', 'VBD', 'DT', 'VBN', 'NN', 'TO', 'VB', 'RP', 'PRP$', 'NNS', '.']","['O', 'O', 'O', 'O', 'O', 'O', 'O', 'O', 'O', 'O', 'B-tim', 'O', 'O', 'B-org', 'I-org', 'O', 'O', 'O', 'B-geo', 'I-geo', 'I-geo', 'I-geo', 'O', 'O', 'O', 'O', 'O', 'O', 'O', 'O', 'O', 'O', 'O', 'O']"
Sentence: 33141,The reports indicate that Iranian officials have completed their investigation into her case .,"['DT', 'NNS', 'VBP', 'IN', 'JJ', 'NNS', 'VBP', 'VBN', 'PRP$', 'NN', 'IN', 'PRP$', 'NN', '.']","['O', 'O', 'O', 'O', 'B-gpe', 'O', 'O', 'O', 'O', 'O', 'O', 'O', 'O', 'O']"
Sentence: 40873,"Love and Cobain wed in 1992 and later that year had a daughter , Frances Bean .","['NNP', 'CC', 'NNP', 'VBD', 'IN', 'CD', 'CC', 'RB', 'DT', 'NN', 'VBD', 'DT', 'NN', ',', 'NNP', 'NNP', '.']","['B-per', 'O', 'B-per', 'O', 'O', 'B-tim', 'O', 'O', 'O', 'O', 'O', 'O', 'O', 'O', 'B-per', 'I-per', 'O']"
Sentence: 12513,"The rising cost of living is hurting a growing number of Americans , especially those who live on fixed incomes .","['DT', 'VBG', 'NN', 'IN', 'NN', 'VBZ', 'VBG', 'DT', 'VBG', 'NN', 'IN', 'NNS', ',', 'RB', 'DT', 'WP', 'VBP', 'IN', 'JJ', 'NNS', '.']","['O', 'O', 'O', 'O', 'O', 'O', 'O', 'O', 'O', 'O', 'O', 'B-gpe', 'O', 'O', 'O', 'O', 'O', 'O', 'O', 'O', 'O']"
Sentence: 34917,The New York Times and CNN had reported that the Defense Department is trying to determine whether Iranians or Iranian-trained operatives carried out the attack .,"['DT', 'NNP', 'NNP', 'NNP', 'CC', 'NNP', 'VBD', 'VBN', 'IN', 'DT', 'NNP', 'NNP', 'VBZ', 'VBG', 'TO', 'VB', 'IN', 'NNS', 'CC', 'JJ', 'NNS', 'VBD', 'IN', 'DT', 'NN', '.']","['O', 'B-org', 'I-org', 'I-org', 'O', 'B-org', 'O', 'O', 'O', 'O', 'B-org', 'I-org', 'O', 'O', 'O', 'O', 'O', 'B-gpe', 'O', 'O', 'O', 'O', 'O', 'O', 'O', 'O']"
Sentence: 20053,Witnesses say large numbers of voters turned out despite freezing weather and the threat of rebel attacks .,"['NNS', 'VBP', 'JJ', 'NNS', 'IN', 'NNS', 'VBD', 'RP', 'IN', 'VBG', 'NN', 'CC', 'DT', 'NN', 'IN', 'NN', 'NNS', '.']","['O', 'O', 'O', 'O', 'O', 'O', 'O', 'O', 'O', 'O', 'O', 'O', 'O', 'O', 'O', 'O', 'O', 'O']"
Sentence: 31155,White House spokesman Scott McClellan told reporters Tuesday the Department of Defense is already probing such allegations .,"['NNP', 'NNP', 'NN', 'NNP', 'NNP', 'VBD', 'NNS', 'NNP', 'DT', 'NNP', 'IN', 'NNP', 'VBZ', 'RB', 'VBG', 'JJ', 'NNS', '.']","['B-org', 'I-org', 'O', 'B-per', 'I-per', 'O', 'O', 'B-tim', 'O', 'B-org', 'I-org', 'I-org', 'O', 'O', 'O', 'O', 'O', 'O']"
Sentence: 12158,He added that the death toll may rise as officials begin focusing on rebuilding the devastated province .,"['PRP', 'VBD', 'IN', 'DT', 'NN', 'NN', 'MD', 'VB', 'IN', 'NNS', 'VBP', 'VBG', 'IN', 'VBG', 'DT', 'JJ', 'NN', '.']","['O', 'O', 'O', 'O', 'O', 'O', 'O', 'O', 'O', 'O', 'O', 'O', 'O', 'O', 'O', 'O', 'O', 'O']"
Sentence: 30705,He said the U.S. objective is to give them options - other than combat missions - in Afghanistan and to remind NATO allies that the job of securing the strife-torn country will take time .,"['PRP', 'VBD', 'DT', 'NNP', 'NN', 'VBZ', 'TO', 'VB', 'PRP', 'NNS', 'IN', 'JJ', 'IN', 'NN', 'NNS', ':', 'IN', 'NNP', 'CC', 'TO', 'VB', 'NNP', 'NNS', 'IN', 'DT', 'NN', 'IN', 'VBG', 'DT', 'JJ', 'NN', 'MD', 'VB', 'NN', '.']","['O', 'O', 'O', 'B-geo', 'O', 'O', 'O', 'O', 'O', 'O', 'O', 'O', 'O', 'O', 'O', 'O', 'O', 'B-geo', 'O', 'O', 'O', 'B-org', 'O', 'O', 'O', 'O', 'O', 'O', 'O', 'O', 'O', 'O', 'O', 'O', 'O']"
Sentence: 45139,"The billionaire publisher of Forbes Magazine made his comments Tuesday in Sydney , Australia , one day after oil prices briefly hit a record $ 70.8 cents over concerns of the effect Hurricane Katrina was having on oil refineries based in the U.S. Gulf Coast .","['DT', 'NN', 'NN', 'IN', 'NNP', 'NNP', 'VBD', 'PRP$', 'NNS', 'NNP', 'IN', 'NNP', ',', 'NNP', ',', 'CD', 'NN', 'IN', 'NN', 'NNS', 'RB', 'VBD', 'DT', 'NN', '$', 'CD', 'NNS', 'IN', 'NNS', 'IN', 'DT', 'NN', 'NNP', 'NNP', 'VBD', 'VBG', 'IN', 'NN', 'NNS', 'VBN', 'IN', 'DT', 'NNP', 'NNP', 'NNP', '.']","['O', 'O', 'O', 'O', 'B-per', 'I-per', 'O', 'O', 'O', 'B-tim', 'O', 'B-geo', 'O', 'B-geo', 'O', 'O', 'O', 'O', 'O', 'O', 'O', 'O', 'O', 'O', 'O', 'O', 'O', 'O', 'O', 'O', 'O', 'O', 'O', 'B-nat', 'O', 'O', 'O', 'O', 'O', 'O', 'O', 'O', 'B-geo', 'I-geo', 'I-geo', 'O']"
Sentence: 40602,The French news agency quotes Ms. Rice as telling President Hu Jintao she hopes Beijing will intensify efforts to get North Korea to resume talks on its nuclear program in a constructive manner .,"['DT', 'JJ', 'NN', 'NN', 'VBZ', 'NNP', 'NNP', 'IN', 'VBG', 'NNP', 'NNP', 'NNP', 'PRP', 'VBZ', 'NNP', 'MD', 'VB', 'NNS', 'TO', 'VB', 'NNP', 'NNP', 'TO', 'VB', 'NNS', 'IN', 'PRP$', 'JJ', 'NN', 'IN', 'DT', 'JJ', 'NN', '.']","['O', 'B-gpe', 'O', 'O', 'O', 'B-per', 'I-per', 'O', 'O', 'B-per', 'I-per', 'I-per', 'O', 'O', 'B-geo', 'O', 'O', 'O', 'O', 'O', 'B-geo', 'I-geo', 'O', 'O', 'O', 'O', 'O', 'O', 'O', 'O', 'O', 'O', 'O', 'O']"
Sentence: 3923,Head of the U.N. Office on Drugs and Crime Antonio Maria Costa Tuesday urged NATO countries to give the alliance the mandate to stop what he called the vicious circle of drugs funding terrorists and terrorists protecting drug traffickers .,"['NNP', 'IN', 'DT', 'NNP', 'NNP', 'IN', 'NNP', 'CC', 'NNP', 'NNP', 'NNP', 'NNP', 'NNP', 'VBD', 'NNP', 'NNS', 'TO', 'VB', 'DT', 'NN', 'DT', 'NN', 'TO', 'VB', 'WP', 'PRP', 'VBD', 'DT', 'JJ', 'NN', 'IN', 'NNS', 'VBG', 'NNS', 'CC', 'NNS', 'VBG', 'NN', 'NNS', '.']","['O', 'O', 'O', 'B-org', 'I-org', 'O', 'B-org', 'I-org', 'I-org', 'I-org', 'I-org', 'I-org', 'B-tim', 'O', 'B-org', 'O', 'O', 'O', 'O', 'O', 'O', 'O', 'O', 'O', 'O', 'O', 'O', 'O', 'O', 'O', 'O', 'O', 'O', 'O', 'O', 'O', 'O', 'O', 'O', 'O']"
Sentence: 22002,"Senegal says its security forces have conducted "" minimal "" acts of torture , but says the country is and always has been committed to investigating and prosecuting such acts .","['NNP', 'VBZ', 'PRP$', 'NN', 'NNS', 'VBP', 'VBN', '``', 'JJ', '``', 'NNS', 'IN', 'NN', ',', 'CC', 'VBZ', 'DT', 'NN', 'VBZ', 'CC', 'RB', 'VBZ', 'VBN', 'VBN', 'TO', 'VBG', 'CC', 'VBG', 'JJ', 'NNS', '.']","['B-gpe', 'O', 'O', 'O', 'O', 'O', 'O', 'O', 'O', 'O', 'O', 'O', 'O', 'O', 'O', 'O', 'O', 'O', 'O', 'O', 'O', 'O', 'O', 'O', 'O', 'O', 'O', 'O', 'O', 'O', 'O']"
Sentence: 23780,"Lansana CONTE came to power in 1984 when the military seized the government after the death of the first president , Sekou TOURE .","['NNP', 'NNP', 'VBD', 'TO', 'NN', 'IN', 'CD', 'WRB', 'DT', 'NN', 'VBD', 'DT', 'NN', 'IN', 'DT', 'NN', 'IN', 'DT', 'JJ', 'NN', ',', 'NNP', 'NNP', '.']","['B-per', 'I-per', 'O', 'O', 'O', 'O', 'B-tim', 'O', 'O', 'O', 'O', 'O', 'O', 'O', 'O', 'O', 'O', 'O', 'O', 'O', 'O', 'B-org', 'I-org', 'O']"
Sentence: 24522,"On Wednesday , festival organizers issued a statement from Mr. Wong in which he said he is honored to serve as jury president .","['IN', 'NNP', ',', 'NN', 'NNS', 'VBD', 'DT', 'NN', 'IN', 'NNP', 'NNP', 'IN', 'WDT', 'PRP', 'VBD', 'PRP', 'VBZ', 'VBN', 'TO', 'VB', 'IN', 'NN', 'NN', '.']","['O', 'B-tim', 'O', 'O', 'O', 'O', 'O', 'O', 'O', 'B-per', 'I-per', 'O', 'O', 'O', 'O', 'O', 'O', 'O', 'O', 'O', 'O', 'O', 'O', 'O']"
Sentence: 36554,A poll taken by a major Japanese newspaper shows overwhelming support for a change in the law to allow a woman to succeed to the throne .,"['DT', 'NN', 'VBN', 'IN', 'DT', 'JJ', 'JJ', 'NN', 'VBZ', 'JJ', 'NN', 'IN', 'DT', 'NN', 'IN', 'DT', 'NN', 'TO', 'VB', 'DT', 'NN', 'TO', 'VB', 'TO', 'DT', 'NN', '.']","['O', 'O', 'O', 'O', 'O', 'O', 'B-gpe', 'O', 'O', 'O', 'O', 'O', 'O', 'O', 'O', 'O', 'O', 'O', 'O', 'O', 'O', 'O', 'O', 'O', 'O', 'O', 'O']"
Sentence: 15158,Two members of the woman 's family had also been diagnosed with bird flu .,"['CD', 'NNS', 'IN', 'DT', 'NN', 'POS', 'NN', 'VBD', 'RB', 'VBN', 'VBN', 'IN', 'NN', 'NN', '.']","['O', 'O', 'O', 'O', 'O', 'O', 'O', 'O', 'O', 'O', 'O', 'O', 'O', 'O', 'O']"
Sentence: 40665,Another three insurgents were killed while Afghan and coalition forces were pursuing commanders of the insurgent group Jama'at ul Dawa al-Qu'ran in northeastern Kunar province .,"['DT', 'CD', 'NNS', 'VBD', 'VBN', 'IN', 'JJ', 'CC', 'NN', 'NNS', 'VBD', 'VBG', 'NNS', 'IN', 'DT', 'JJ', 'NN', 'NNP', 'NNP', 'NNP', 'NNP', 'IN', 'JJ', 'NNP', 'NN', '.']","['O', 'O', 'O', 'O', 'O', 'O', 'B-gpe', 'O', 'O', 'O', 'O', 'O', 'O', 'O', 'O', 'O', 'O', 'B-per', 'I-per', 'I-per', 'I-per', 'O', 'O', 'B-geo', 'O', 'O']"
Sentence: 4150,It adds the times from a shortened downhill run in the morning to a single slalom leg a few hours later .,"['PRP', 'VBZ', 'DT', 'NNS', 'IN', 'DT', 'VBN', 'NN', 'NN', 'IN', 'DT', 'NN', 'TO', 'DT', 'JJ', 'NN', 'NN', 'DT', 'JJ', 'NNS', 'RB', '.']","['O', 'O', 'O', 'O', 'O', 'O', 'O', 'O', 'O', 'O', 'O', 'B-tim', 'O', 'O', 'O', 'O', 'O', 'O', 'O', 'O', 'B-tim', 'O']"
Sentence: 30261,"Famed for her bawdy stage routine , the 61-year-old Midler reportedly agreed to a two-year run of 100 shows per year .","['VBN', 'IN', 'PRP$', 'JJ', 'NN', 'NN', ',', 'DT', 'JJ', 'NNP', 'RB', 'VBD', 'TO', 'DT', 'JJ', 'NN', 'IN', 'CD', 'NNS', 'IN', 'NN', '.']","['O', 'O', 'O', 'O', 'O', 'O', 'O', 'O', 'O', 'B-per', 'O', 'O', 'O', 'O', 'B-tim', 'O', 'O', 'O', 'O', 'O', 'O', 'O']"
Sentence: 19940,A military spokesman for the base Navy Commander Robert Durand says the hunger strike is an attempt to gain media attention .,"['DT', 'JJ', 'NN', 'IN', 'DT', 'NN', 'NN', 'NNP', 'NNP', 'NNP', 'VBZ', 'DT', 'NN', 'NN', 'VBZ', 'DT', 'NN', 'TO', 'VB', 'NNS', 'NN', '.']","['O', 'O', 'O', 'O', 'O', 'O', 'O', 'B-org', 'I-org', 'I-org', 'O', 'O', 'O', 'O', 'O', 'O', 'O', 'O', 'O', 'O', 'O', 'O']"
Sentence: 87,Indonesian police have arrested three men in connection with the October 1 Bali bombings that left 23 people dead .,"['JJ', 'NNS', 'VBP', 'VBN', 'CD', 'NNS', 'IN', 'NN', 'IN', 'DT', 'NNP', 'CD', 'NNP', 'NNS', 'WDT', 'VBD', 'CD', 'NNS', 'JJ', '.']","['B-gpe', 'O', 'O', 'O', 'O', 'O', 'O', 'O', 'O', 'O', 'B-tim', 'I-tim', 'B-geo', 'O', 'O', 'O', 'O', 'O', 'O', 'O']"
Sentence: 35873,Rising in wrath he was about to sentence the Thief to life imprisonment when the latter said :,"['VBG', 'IN', 'NN', 'PRP', 'VBD', 'RB', 'TO', 'NN', 'DT', 'NN', 'TO', 'NN', 'NN', 'WRB', 'DT', 'NN', 'VBD', ':']","['O', 'O', 'O', 'O', 'O', 'O', 'O', 'O', 'O', 'O', 'O', 'O', 'O', 'O', 'O', 'O', 'O', 'O']"
Sentence: 41094,That means 38 people in Indonesia have now died of bird flu .,"['DT', 'VBZ', 'CD', 'NNS', 'IN', 'NNP', 'VBP', 'RB', 'VBN', 'IN', 'NN', 'NN', '.']","['O', 'O', 'O', 'O', 'O', 'B-geo', 'O', 'O', 'O', 'O', 'O', 'O', 'O']"
Sentence: 5274,"Ayman Nour , one of Mr. Mubarak 's most prominent opponents , addressed a crowd in the heart of Cairo late Saturday after touring the country .","['NNP', 'NNP', ',', 'CD', 'IN', 'NNP', 'NNP', 'POS', 'JJS', 'JJ', 'NNS', ',', 'VBD', 'DT', 'NN', 'IN', 'DT', 'NN', 'IN', 'NNP', 'JJ', 'NNP', 'IN', 'VBG', 'DT', 'NN', '.']","['B-per', 'I-per', 'O', 'O', 'O', 'B-per', 'I-per', 'O', 'O', 'O', 'O', 'O', 'O', 'O', 'O', 'O', 'O', 'O', 'O', 'B-geo', 'O', 'B-tim', 'O', 'O', 'O', 'O', 'O']"
Sentence: 9634,"Mexican President Felipe Calderon is appealing for clean drinking water , canned food and other emergency aid for the storm-damaged Gulf state of Veracruz .","['JJ', 'NNP', 'NNP', 'NNP', 'VBZ', 'VBG', 'IN', 'JJ', 'NN', 'NN', ',', 'VBN', 'NN', 'CC', 'JJ', 'NN', 'NN', 'IN', 'DT', 'JJ', 'NNP', 'NN', 'IN', 'NNP', '.']","['B-gpe', 'B-per', 'I-per', 'I-per', 'O', 'O', 'O', 'O', 'O', 'O', 'O', 'O', 'O', 'O', 'O', 'O', 'O', 'O', 'O', 'O', 'O', 'O', 'O', 'B-geo', 'O']"
Sentence: 11430,Smugglers have skirted the blockade by bringing in goods though a tunnel under the Egypt-Gaza border .,"['NNS', 'VBP', 'VBN', 'DT', 'NN', 'IN', 'VBG', 'IN', 'NNS', 'IN', 'DT', 'NN', 'IN', 'DT', 'NNP', 'NN', '.']","['O', 'O', 'O', 'O', 'O', 'O', 'O', 'O', 'O', 'O', 'O', 'O', 'O', 'O', 'O', 'O', 'O']"
Sentence: 41591,"Fatah gunmen surrounded schools to enforce the strike , while Hamas militiamen tried to keep schools open .","['NNP', 'NNS', 'VBN', 'NNS', 'TO', 'VB', 'DT', 'NN', ',', 'IN', 'NNP', 'NNS', 'VBD', 'TO', 'VB', 'NNS', 'JJ', '.']","['B-org', 'O', 'O', 'O', 'O', 'O', 'O', 'O', 'O', 'O', 'B-org', 'O', 'O', 'O', 'O', 'O', 'O', 'O']"
Sentence: 18710,It says Iran has carried out 17 such executions since 2004 .,"['PRP', 'VBZ', 'NNP', 'VBZ', 'VBN', 'IN', 'CD', 'JJ', 'NNS', 'IN', 'CD', '.']","['O', 'O', 'B-geo', 'O', 'O', 'O', 'O', 'O', 'O', 'B-tim', 'I-tim', 'O']"
Sentence: 20167,"During the rally , President Raul Castro made his first May Day appearance as Cuban leader , but did not speak .","['IN', 'DT', 'NN', ',', 'NNP', 'NNP', 'NNP', 'VBD', 'PRP$', 'JJ', 'NNP', 'NNP', 'NN', 'IN', 'JJ', 'NN', ',', 'CC', 'VBD', 'RB', 'VB', '.']","['O', 'O', 'O', 'O', 'B-per', 'I-per', 'I-per', 'O', 'O', 'O', 'B-tim', 'I-tim', 'O', 'O', 'B-gpe', 'O', 'O', 'O', 'O', 'O', 'O', 'O']"
Sentence: 14305,"The leftist Revolutionary Armed Forces of Colombia , known as FARC , had stepped up attacks in advance of the election , killing dozens of civilians in the past few weeks .","['DT', 'JJ', 'JJ', 'JJ', 'NNS', 'IN', 'NNP', ',', 'VBN', 'IN', 'NNP', ',', 'VBD', 'VBN', 'RP', 'NNS', 'IN', 'NN', 'IN', 'DT', 'NN', ',', 'VBG', 'NNS', 'IN', 'NNS', 'IN', 'DT', 'JJ', 'JJ', 'NNS', '.']","['O', 'O', 'O', 'O', 'O', 'O', 'B-geo', 'O', 'O', 'O', 'B-org', 'O', 'O', 'O', 'O', 'O', 'O', 'O', 'O', 'O', 'O', 'O', 'O', 'O', 'O', 'O', 'O', 'O', 'B-tim', 'I-tim', 'O', 'O']"
Sentence: 27345,There were no reported car bombings or suicide attacks .,"['EX', 'VBD', 'DT', 'JJ', 'NN', 'NNS', 'CC', 'NN', 'NNS', '.']","['O', 'O', 'O', 'O', 'O', 'O', 'O', 'O', 'O', 'O']"
Sentence: 42100,"Hamdi Issac has admitted taking part in the second set of attacks but has said the action was meant to scare people , not kill them .","['NNP', 'NNP', 'VBZ', 'VBN', 'VBG', 'NN', 'IN', 'DT', 'JJ', 'NN', 'IN', 'NNS', 'CC', 'VBZ', 'VBN', 'DT', 'NN', 'VBD', 'VBN', 'TO', 'VB', 'NNS', ',', 'RB', 'VB', 'PRP', '.']","['B-per', 'I-per', 'O', 'O', 'O', 'O', 'O', 'O', 'O', 'O', 'O', 'O', 'O', 'O', 'O', 'O', 'O', 'O', 'O', 'O', 'O', 'O', 'O', 'O', 'O', 'O', 'O']"
Sentence: 43605,Mehmet Ali Talat holding an olive branch after voting Turkish Cypriot Prime Minister Mehmet Ali Talat has won Sunday presidential election in the breakaway enclave .,"['NNP', 'NNP', 'NNP', 'VBG', 'DT', 'JJ', 'NN', 'IN', 'VBG', 'JJ', 'JJ', 'NNP', 'NNP', 'NNP', 'NNP', 'NNP', 'VBZ', 'VBN', 'NNP', 'JJ', 'NN', 'IN', 'DT', 'NN', 'NN', '.']","['B-per', 'I-per', 'I-per', 'O', 'O', 'O', 'O', 'O', 'O', 'B-gpe', 'I-gpe', 'B-per', 'I-per', 'O', 'B-per', 'I-per', 'O', 'O', 'B-tim', 'O', 'O', 'O', 'O', 'O', 'O', 'O']"
Sentence: 28579,"The Associated Press quotes Mr. Vakhitov as later saying he did not personally see the Koran being desecrated , but was informed of the alleged incidents by other detainees .","['DT', 'NNP', 'NNP', 'VBZ', 'NNP', 'NNP', 'IN', 'RB', 'VBG', 'PRP', 'VBD', 'RB', 'RB', 'VB', 'DT', 'NNP', 'VBG', 'VBN', ',', 'CC', 'VBD', 'VBN', 'IN', 'DT', 'VBN', 'NNS', 'IN', 'JJ', 'NNS', '.']","['B-org', 'I-org', 'I-org', 'I-org', 'B-per', 'I-per', 'O', 'O', 'O', 'O', 'O', 'O', 'O', 'O', 'O', 'B-geo', 'O', 'O', 'O', 'O', 'O', 'O', 'O', 'O', 'O', 'O', 'O', 'O', 'O', 'O']"
Sentence: 29858,Askar Akayev Kyrgyzstan 's parliament has voted to strip ousted President Askar Akayev of many of his special privileges .,"['NNP', 'NNP', 'NNP', 'POS', 'NN', 'VBZ', 'VBN', 'TO', 'VB', 'JJ', 'NNP', 'NNP', 'NNP', 'IN', 'NN', 'IN', 'PRP$', 'JJ', 'NNS', '.']","['B-org', 'I-org', 'I-org', 'O', 'O', 'O', 'O', 'O', 'O', 'O', 'B-per', 'I-per', 'I-per', 'O', 'O', 'O', 'O', 'O', 'O', 'O']"
Sentence: 6691,Mr. Sharon quit Likud last week because he faced a revolt from right-wing deputies who opposed his decision to withdraw Israel from the Gaza Strip .,"['NNP', 'NNP', 'VBD', 'NNP', 'JJ', 'NN', 'IN', 'PRP', 'VBD', 'DT', 'NN', 'IN', 'JJ', 'NNS', 'WP', 'VBD', 'PRP$', 'NN', 'TO', 'VB', 'NNP', 'IN', 'DT', 'NNP', 'NNP', '.']","['B-per', 'I-per', 'O', 'B-org', 'O', 'O', 'O', 'O', 'O', 'O', 'O', 'O', 'O', 'O', 'O', 'O', 'O', 'O', 'O', 'O', 'B-geo', 'O', 'O', 'B-geo', 'I-geo', 'O']"
Sentence: 20067,The official Tishrin newspaper said in an editorial Wednesday that Israel 's reported air strike in Syria earlier this month shows that Israel is not interested in peace .,"['DT', 'JJ', 'NNP', 'NN', 'VBD', 'IN', 'DT', 'NN', 'NNP', 'IN', 'NNP', 'POS', 'VBN', 'NN', 'NN', 'IN', 'NNP', 'RBR', 'DT', 'NN', 'VBZ', 'IN', 'NNP', 'VBZ', 'RB', 'JJ', 'IN', 'NN', '.']","['O', 'O', 'B-org', 'O', 'O', 'O', 'O', 'O', 'B-tim', 'O', 'B-geo', 'O', 'O', 'O', 'O', 'O', 'B-geo', 'O', 'O', 'O', 'O', 'O', 'B-geo', 'O', 'O', 'O', 'O', 'O', 'O']"
Sentence: 18607,The IAEA is considering a European draft resolution alleging that Iran has breached the treaty by withholding information on its nuclear fuel cycle program .,"['DT', 'NNP', 'VBZ', 'VBG', 'DT', 'JJ', 'NN', 'NN', 'VBG', 'IN', 'NNP', 'VBZ', 'VBN', 'DT', 'NN', 'IN', 'VBG', 'NN', 'IN', 'PRP$', 'JJ', 'NN', 'NN', 'NN', '.']","['O', 'B-org', 'O', 'O', 'O', 'O', 'O', 'O', 'O', 'O', 'B-geo', 'O', 'O', 'O', 'O', 'O', 'O', 'O', 'O', 'O', 'O', 'O', 'O', 'O', 'O']"
Sentence: 2716,"As expected , Mr. Ban recommended that the mandate for the U.N. mission in Afghanistan - which expires later this month - be extended for another year .","['IN', 'VBN', ',', 'NNP', 'NNP', 'VBD', 'IN', 'DT', 'NN', 'IN', 'DT', 'NNP', 'NN', 'IN', 'NNP', ':', 'WDT', 'VBZ', 'RB', 'DT', 'NN', ':', 'VB', 'VBN', 'IN', 'DT', 'NN', '.']","['O', 'O', 'O', 'B-per', 'I-per', 'O', 'O', 'O', 'O', 'O', 'O', 'B-org', 'O', 'O', 'B-geo', 'O', 'O', 'O', 'O', 'O', 'O', 'O', 'O', 'O', 'O', 'B-tim', 'O', 'O']"
Sentence: 16159,Mr. Bush visited the Vatican in 2005 for Pope John Paul 's funeral .,"['NNP', 'NNP', 'VBD', 'DT', 'NNP', 'IN', 'CD', 'IN', 'NNP', 'NNP', 'NNP', 'POS', 'NN', '.']","['B-per', 'I-per', 'O', 'O', 'B-org', 'O', 'B-tim', 'O', 'O', 'B-per', 'I-per', 'O', 'O', 'O']"
Sentence: 14857,"The tape did not show the killing , and has not been authenticated .","['DT', 'NN', 'VBD', 'RB', 'VB', 'DT', 'NN', ',', 'CC', 'VBZ', 'RB', 'VBN', 'VBN', '.']","['O', 'O', 'O', 'O', 'O', 'O', 'O', 'O', 'O', 'O', 'O', 'O', 'O', 'O']"
Sentence: 44888,"Female interrogators are said to have used sexually-suggestive tactics while questioning Muslim men at the U.S. military prison in Guantanamo Bay , Cuba .","['JJ', 'NNS', 'VBP', 'VBN', 'TO', 'VB', 'VBN', 'JJ', 'NNS', 'IN', 'VBG', 'NNP', 'NNS', 'IN', 'DT', 'NNP', 'JJ', 'NN', 'IN', 'NNP', 'NNP', ',', 'NNP', '.']","['O', 'O', 'O', 'O', 'O', 'O', 'O', 'O', 'O', 'O', 'O', 'O', 'O', 'O', 'O', 'B-geo', 'O', 'O', 'O', 'B-geo', 'I-geo', 'O', 'B-geo', 'O']"
Sentence: 44236,Mr. Hersh cites a former high-level intelligence official and a U.S. government consultant as sources for the story .,"['NNP', 'NNP', 'VBZ', 'DT', 'JJ', 'JJ', 'NN', 'NN', 'CC', 'DT', 'NNP', 'NN', 'NN', 'IN', 'NNS', 'IN', 'DT', 'NN', '.']","['B-per', 'I-per', 'O', 'O', 'O', 'O', 'O', 'O', 'O', 'O', 'B-geo', 'O', 'O', 'O', 'O', 'O', 'O', 'O', 'O']"
Sentence: 30496,"Earlier Friday , a public opinion poll indicated the Brazilian leader would lose a re-election bid in 2006 because of the growing scandal .","['RBR', 'NNP', ',', 'DT', 'JJ', 'NN', 'NN', 'VBD', 'DT', 'JJ', 'NN', 'MD', 'VB', 'DT', 'NN', 'NN', 'IN', 'CD', 'IN', 'IN', 'DT', 'VBG', 'NN', '.']","['O', 'B-tim', 'O', 'O', 'O', 'O', 'O', 'O', 'O', 'B-gpe', 'O', 'O', 'O', 'O', 'O', 'O', 'O', 'B-tim', 'O', 'O', 'O', 'O', 'O', 'O']"
Sentence: 24785,Mr. Tadic narrowly defeated ultra-nationalist challenger Tomislav Nikolic by a margin of 51 to 48 percent .,"['NNP', 'NNP', 'RB', 'VBD', 'JJ', 'NN', 'NNP', 'NNP', 'IN', 'DT', 'NN', 'IN', 'CD', 'TO', 'CD', 'NN', '.']","['B-per', 'I-per', 'O', 'O', 'O', 'O', 'B-per', 'I-per', 'O', 'O', 'O', 'O', 'O', 'O', 'O', 'O', 'O']"
Sentence: 20037,Russia 's foreign minister made similar comments Monday .,"['NNP', 'POS', 'JJ', 'NN', 'VBD', 'JJ', 'NNS', 'NNP', '.']","['B-geo', 'O', 'O', 'O', 'O', 'O', 'O', 'B-tim', 'O']"
Sentence: 13154,But the Associated Press quotes a police commissioner as denying any ransom was paid .,"['CC', 'DT', 'NNP', 'NNP', 'VBZ', 'DT', 'NN', 'NN', 'IN', 'VBG', 'DT', 'NN', 'VBD', 'VBN', '.']","['O', 'O', 'B-org', 'I-org', 'O', 'O', 'O', 'O', 'O', 'O', 'O', 'O', 'O', 'O', 'O']"
Sentence: 24591,Mr. Brown will meet with Mr. Obama Tuesday at the White House .,"['NNP', 'NNP', 'MD', 'VB', 'IN', 'NNP', 'NNP', 'NNP', 'IN', 'DT', 'NNP', 'NNP', '.']","['B-per', 'I-per', 'O', 'O', 'O', 'B-per', 'I-per', 'B-tim', 'O', 'O', 'B-org', 'I-org', 'O']"
Sentence: 18110,"In addition to the permanent seats , Africa wants three non-permanent members on the council .","['IN', 'NN', 'TO', 'DT', 'JJ', 'NNS', ',', 'NNP', 'VBZ', 'CD', 'JJ', 'NNS', 'IN', 'DT', 'NN', '.']","['O', 'O', 'O', 'O', 'O', 'O', 'O', 'B-geo', 'O', 'O', 'O', 'O', 'O', 'O', 'O', 'O']"
Sentence: 27366,First of America said some of the managers will take other jobs with First of America .,"['NNP', 'IN', 'NNP', 'VBD', 'DT', 'IN', 'DT', 'NNS', 'MD', 'VB', 'JJ', 'NNS', 'IN', 'CD', 'IN', 'NNP', '.']","['O', 'O', 'B-org', 'O', 'O', 'O', 'O', 'O', 'O', 'O', 'O', 'O', 'O', 'O', 'O', 'B-org', 'O']"
Sentence: 39772,Sporadic fighting was reported Wednesday .,"['JJ', 'NN', 'VBD', 'VBN', 'NNP', '.']","['O', 'O', 'O', 'O', 'B-tim', 'O']"
Sentence: 15200,"Last year , he accused Saudi agents of attempting to kill him in a stabbing incident at his London home .","['JJ', 'NN', ',', 'PRP', 'VBD', 'JJ', 'NNS', 'IN', 'VBG', 'TO', 'VB', 'PRP', 'IN', 'DT', 'VBG', 'NN', 'IN', 'PRP$', 'NNP', 'NN', '.']","['O', 'O', 'O', 'O', 'O', 'O', 'O', 'O', 'O', 'O', 'O', 'O', 'O', 'O', 'O', 'O', 'O', 'O', 'B-geo', 'O', 'O']"
Sentence: 15522,The United States accuses Iran of secretly trying to develop nuclear weapons .,"['DT', 'NNP', 'NNPS', 'VBZ', 'NNP', 'IN', 'RB', 'VBG', 'TO', 'VB', 'JJ', 'NNS', '.']","['O', 'B-geo', 'I-geo', 'O', 'B-geo', 'O', 'O', 'O', 'O', 'O', 'O', 'O', 'O']"
Sentence: 17828,"Thousands of Israeli police encircled Jerusalem 's Old City Sunday , stopping cars and setting up roadblocks to prevent an ultranationalist group from entering a disputed holy site .","['NNS', 'IN', 'JJ', 'NN', 'VBD', 'NNP', 'POS', 'NNP', 'NNP', 'NNP', ',', 'VBG', 'NNS', 'CC', 'VBG', 'RP', 'NNS', 'TO', 'VB', 'DT', 'NN', 'NN', 'IN', 'VBG', 'DT', 'JJ', 'JJ', 'NN', '.']","['O', 'O', 'B-gpe', 'O', 'O', 'B-geo', 'O', 'B-geo', 'I-geo', 'B-tim', 'O', 'O', 'O', 'O', 'O', 'O', 'O', 'O', 'O', 'O', 'O', 'O', 'O', 'O', 'O', 'O', 'O', 'O', 'O']"
Sentence: 29682,Sri Lankan government supporters clashed with opposition activists protesting the arrest of their defeated presidential candidate Sarath Fonseka .,"['NNP', 'NNP', 'NN', 'NNS', 'VBD', 'IN', 'NN', 'NNS', 'VBG', 'DT', 'NN', 'IN', 'PRP$', 'VBN', 'JJ', 'NN', 'NNP', 'NNP', '.']","['B-per', 'I-per', 'O', 'O', 'O', 'O', 'O', 'O', 'O', 'O', 'O', 'O', 'O', 'O', 'O', 'O', 'B-org', 'I-org', 'O']"
Sentence: 3623,"Leading conservative Iranian cleric Ayatollah Ahmad Khatami also has called on Mr. Ahmadinejad to reconsider Mashaie 's appointment , saying it defies the president 's constituency .","['VBG', 'JJ', 'JJ', 'NN', 'NNP', 'NNP', 'NNP', 'RB', 'VBZ', 'VBN', 'IN', 'NNP', 'NNP', 'TO', 'VB', 'NNP', 'POS', 'NN', ',', 'VBG', 'PRP', 'VBZ', 'DT', 'NN', 'POS', 'NN', '.']","['O', 'O', 'B-gpe', 'O', 'B-per', 'I-per', 'I-per', 'O', 'O', 'O', 'O', 'B-per', 'B-org', 'O', 'O', 'B-per', 'O', 'O', 'O', 'O', 'O', 'O', 'O', 'O', 'O', 'O', 'O']"
Sentence: 38916,This parking space belongs to the Wizard .,"['DT', 'NN', 'NN', 'VBZ', 'TO', 'DT', 'NNP', '.']","['O', 'O', 'O', 'O', 'O', 'O', 'B-org', 'O']"
Sentence: 26777,The sanctions are designed to curtail Iran 's alleged nuclear weapons program .,"['DT', 'NNS', 'VBP', 'VBN', 'TO', 'VB', 'NNP', 'POS', 'JJ', 'JJ', 'NNS', 'NN', '.']","['O', 'O', 'O', 'O', 'O', 'O', 'B-geo', 'O', 'O', 'O', 'O', 'O', 'O']"
Sentence: 40534,Russia 's President Putin called the vote a historic event .,"['NNP', 'POS', 'NNP', 'NNP', 'VBD', 'DT', 'NN', 'DT', 'JJ', 'NN', '.']","['B-geo', 'O', 'B-per', 'I-per', 'O', 'O', 'O', 'O', 'O', 'O', 'O']"
Sentence: 45618,The motorcyclists will be flown to Bamako .,"['DT', 'NNS', 'MD', 'VB', 'VBN', 'TO', 'NNP', '.']","['O', 'O', 'O', 'O', 'O', 'O', 'B-geo', 'O']"
Sentence: 18411,"While coffee-drinkers are avoiding Starbucks ' expensive products , budget hamburgers are selling briskly .","['IN', 'NNS', 'VBP', 'VBG', 'NNS', 'POS', 'JJ', 'NNS', ',', 'NN', 'NNS', 'VBP', 'VBG', 'RB', '.']","['O', 'O', 'O', 'O', 'B-geo', 'O', 'O', 'O', 'O', 'O', 'O', 'O', 'O', 'O', 'O']"
Sentence: 27321,They say most of the help is coming from local sources and not from the government .,"['PRP', 'VBP', 'JJS', 'IN', 'DT', 'NN', 'VBZ', 'VBG', 'IN', 'JJ', 'NNS', 'CC', 'RB', 'IN', 'DT', 'NN', '.']","['O', 'O', 'O', 'O', 'O', 'O', 'O', 'O', 'O', 'O', 'O', 'O', 'O', 'O', 'O', 'O', 'O']"
Sentence: 9573,"Bulgaria , a former Communist country that entered the EU on 1 January 2007 , averaged more than 6 % annual growth from 2004 to 2008 , driven by significant amounts of foreign direct investment and consumption .","['NNP', ',', 'DT', 'JJ', 'JJ', 'NN', 'WDT', 'VBD', 'DT', 'NNP', 'IN', 'CD', 'NNP', 'CD', ',', 'VBD', 'JJR', 'IN', 'CD', 'NN', 'JJ', 'NN', 'IN', 'CD', 'TO', 'CD', ',', 'VBN', 'IN', 'JJ', 'NNS', 'IN', 'JJ', 'JJ', 'NN', 'CC', 'NN', '.']","['B-geo', 'O', 'O', 'O', 'O', 'O', 'O', 'O', 'O', 'B-org', 'O', 'B-tim', 'I-tim', 'I-tim', 'O', 'O', 'O', 'O', 'O', 'O', 'O', 'O', 'B-tim', 'I-tim', 'I-tim', 'I-tim', 'O', 'O', 'O', 'O', 'O', 'O', 'O', 'O', 'O', 'O', 'O', 'O']"
Sentence: 44884,"He did not specify the alleged actions , but U.S. officials have previously accused Iran of encouraging radicalism among Iraq 's Shi'ites and allowing dangerous materials to cross the border .","['PRP', 'VBD', 'RB', 'VB', 'DT', 'JJ', 'NNS', ',', 'CC', 'NNP', 'NNS', 'VBP', 'RB', 'VBN', 'NNP', 'IN', 'VBG', 'NN', 'IN', 'NNP', 'POS', 'NNS', 'CC', 'VBG', 'JJ', 'NNS', 'TO', 'VB', 'DT', 'NN', '.']","['O', 'O', 'O', 'O', 'O', 'O', 'O', 'O', 'O', 'B-geo', 'O', 'O', 'O', 'O', 'B-geo', 'O', 'O', 'O', 'O', 'B-geo', 'O', 'O', 'O', 'O', 'O', 'O', 'O', 'O', 'O', 'O', 'O']"
Sentence: 22068,Two U.S. senators are calling for an investigation into a suspected terrorist 's claims that he was physically abused while he was held in secret CIA prisons .,"['CD', 'NNP', 'NNS', 'VBP', 'VBG', 'IN', 'DT', 'NN', 'IN', 'DT', 'JJ', 'NN', 'POS', 'NNS', 'IN', 'PRP', 'VBD', 'RB', 'VBN', 'IN', 'PRP', 'VBD', 'VBN', 'IN', 'JJ', 'NNP', 'NNS', '.']","['O', 'B-geo', 'O', 'O', 'O', 'O', 'O', 'O', 'O', 'O', 'O', 'O', 'O', 'O', 'O', 'O', 'O', 'O', 'O', 'O', 'O', 'O', 'O', 'O', 'O', 'B-org', 'O', 'O']"
Sentence: 8766,"He said methods such as abortion do not fight poverty or help a country 's development but actually constitute "" the destruction of the poorest of all human beings . ""","['PRP', 'VBD', 'NNS', 'JJ', 'IN', 'NN', 'VBP', 'RB', 'VB', 'NN', 'CC', 'VB', 'DT', 'NN', 'POS', 'NN', 'CC', 'RB', 'VBP', '``', 'DT', 'NN', 'IN', 'DT', 'JJS', 'IN', 'DT', 'JJ', 'NNS', '.', '``']","['O', 'O', 'O', 'O', 'O', 'O', 'O', 'O', 'O', 'O', 'O', 'O', 'O', 'O', 'O', 'O', 'O', 'O', 'O', 'O', 'O', 'O', 'O', 'O', 'O', 'O', 'O', 'O', 'O', 'O', 'O']"
Sentence: 43028,Chancellor Angela Merkel calls the pictures disgusting and unforgivable .,"['NNP', 'NNP', 'NNP', 'VBZ', 'DT', 'NNS', 'VBG', 'CC', 'JJ', '.']","['B-per', 'I-per', 'I-per', 'O', 'O', 'O', 'O', 'O', 'O', 'O']"
Sentence: 3201,"Per capita income has declined by 15 % since 1999 , but registered a slight improvement in 2009 - 10 .","['IN', 'NN', 'NN', 'VBZ', 'VBN', 'IN', 'CD', 'NN', 'IN', 'CD', ',', 'CC', 'VBD', 'DT', 'JJ', 'NN', 'IN', 'CD', 'IN', 'CD', '.']","['O', 'O', 'O', 'O', 'O', 'O', 'O', 'O', 'B-tim', 'I-tim', 'O', 'O', 'O', 'O', 'O', 'O', 'O', 'B-tim', 'I-tim', 'I-tim', 'O']"
Sentence: 19026,"Among those killed was the U.N. 's top envoy in Iraq and High Commissioner for Human Rights , Sergio Viera de Mello .","['IN', 'DT', 'VBN', 'VBD', 'DT', 'NNP', 'POS', 'JJ', 'NN', 'IN', 'NNP', 'CC', 'NNP', 'NNP', 'IN', 'NNP', 'NNP', ',', 'NNP', 'NNP', 'IN', 'NNP', '.']","['O', 'O', 'O', 'O', 'O', 'B-org', 'O', 'O', 'O', 'O', 'B-geo', 'O', 'B-org', 'I-org', 'I-org', 'I-org', 'I-org', 'O', 'B-per', 'I-per', 'I-per', 'I-per', 'O']"
Sentence: 35917,"Former U.S. President Bill Clinton rejected that charge in a surprise talk at the Montreal , Canada , summit Friday .","['JJ', 'NNP', 'NNP', 'NNP', 'NNP', 'VBD', 'DT', 'NN', 'IN', 'DT', 'NN', 'NN', 'IN', 'DT', 'NNP', ',', 'NNP', ',', 'NN', 'NNP', '.']","['O', 'B-geo', 'B-per', 'I-per', 'I-per', 'O', 'O', 'O', 'O', 'O', 'O', 'O', 'O', 'O', 'B-geo', 'O', 'B-geo', 'O', 'O', 'B-tim', 'O']"
Sentence: 5015,His administration has come under heavy criticism over the government 's relief efforts following the powerful storm .,"['PRP$', 'NN', 'VBZ', 'VBN', 'IN', 'JJ', 'NN', 'IN', 'DT', 'NN', 'POS', 'NN', 'NNS', 'VBG', 'DT', 'JJ', 'NN', '.']","['O', 'O', 'O', 'O', 'O', 'O', 'O', 'O', 'O', 'O', 'O', 'O', 'O', 'O', 'O', 'O', 'O', 'O']"
Sentence: 19724,Russian officials and news reports say Mr. Putin dismissed the government Wednesday after Prime Minister Mikhail Fradkov offered his resignation .,"['JJ', 'NNS', 'CC', 'NN', 'NNS', 'VBP', 'NNP', 'NNP', 'VBD', 'DT', 'NN', 'NNP', 'IN', 'NNP', 'NNP', 'NNP', 'NNP', 'VBD', 'PRP$', 'NN', '.']","['B-gpe', 'O', 'O', 'O', 'O', 'O', 'B-per', 'B-org', 'O', 'O', 'O', 'B-tim', 'O', 'B-per', 'I-per', 'I-per', 'I-per', 'O', 'O', 'O', 'O']"
Sentence: 40205,Police suspect Olmert received tens of thousands of dollars in exchange for his support for a large residential development in Jerusalem .,"['NNS', 'VBP', 'NNP', 'VBD', 'NNS', 'IN', 'NNS', 'IN', 'NNS', 'IN', 'NN', 'IN', 'PRP$', 'NN', 'IN', 'DT', 'JJ', 'JJ', 'NN', 'IN', 'NNP', '.']","['O', 'O', 'B-per', 'O', 'O', 'O', 'O', 'O', 'O', 'O', 'O', 'O', 'O', 'O', 'O', 'O', 'O', 'O', 'O', 'O', 'B-geo', 'O']"
Sentence: 44531,The president said new technologies will help the United States become a better steward of the environment and confront what he called the serious challenge of global climate change .,"['DT', 'NN', 'VBD', 'JJ', 'NNS', 'MD', 'VB', 'DT', 'NNP', 'NNPS', 'VBP', 'DT', 'JJR', 'NN', 'IN', 'DT', 'NN', 'CC', 'NN', 'WP', 'PRP', 'VBD', 'DT', 'JJ', 'NN', 'IN', 'JJ', 'NN', 'NN', '.']","['O', 'O', 'O', 'O', 'O', 'O', 'O', 'O', 'B-geo', 'I-geo', 'O', 'O', 'O', 'O', 'O', 'O', 'O', 'O', 'O', 'O', 'O', 'O', 'O', 'O', 'O', 'O', 'O', 'O', 'O', 'O']"
Sentence: 21146,"Dutch traders landed at the southern tip of modern day South Africa in 1652 and established a stopover point on the spice route between the Netherlands and the Far East , founding the city of Cape Town .","['JJ', 'NNS', 'VBD', 'IN', 'DT', 'JJ', 'NN', 'IN', 'JJ', 'NN', 'NNP', 'NNP', 'IN', 'CD', 'CC', 'VBD', 'DT', 'NN', 'NN', 'IN', 'DT', 'NN', 'NN', 'IN', 'DT', 'NNP', 'CC', 'DT', 'NNP', 'NNP', ',', 'VBG', 'DT', 'NN', 'IN', 'NNP', 'NNP', '.']","['B-gpe', 'O', 'O', 'O', 'O', 'O', 'O', 'O', 'O', 'O', 'B-geo', 'I-geo', 'O', 'B-tim', 'O', 'O', 'O', 'O', 'O', 'O', 'O', 'O', 'O', 'O', 'B-geo', 'I-geo', 'O', 'O', 'B-geo', 'I-geo', 'O', 'O', 'O', 'O', 'O', 'B-geo', 'I-geo', 'O']"
Sentence: 23317,"In order for the merger to overcome anti-trust concerns , rival Southwest Airlines had to be given take-off and landing rights at the international airport in Newark , New Jersey - just outside New York City .","['IN', 'NN', 'IN', 'DT', 'NN', 'TO', 'VB', 'JJ', 'NNS', ',', 'JJ', 'NNP', 'NNPS', 'VBD', 'TO', 'VB', 'VBN', 'NN', 'CC', 'NN', 'NNS', 'IN', 'DT', 'JJ', 'NN', 'IN', 'NNP', ',', 'NNP', 'NNP', ':', 'RB', 'IN', 'NNP', 'NNP', 'NNP', '.']","['O', 'O', 'O', 'O', 'O', 'O', 'O', 'O', 'O', 'O', 'O', 'B-org', 'I-org', 'O', 'O', 'O', 'O', 'O', 'O', 'O', 'O', 'O', 'O', 'O', 'O', 'O', 'B-geo', 'O', 'B-geo', 'I-geo', 'O', 'O', 'O', 'B-geo', 'I-geo', 'I-geo', 'O']"
Sentence: 30949,West Bengal is struggling with recurrent bird flu infections .,"['NNP', 'NNP', 'VBZ', 'VBG', 'IN', 'JJ', 'NN', 'NN', 'NNS', '.']","['B-geo', 'I-geo', 'O', 'O', 'O', 'O', 'O', 'O', 'O', 'O']"
Sentence: 31615,"Last week , Palestinian police and Fatah party activists held protests across the West Bank and Gaza Strip following the defeat of the long-dominant Fatah faction by the militant Hamas group in Wednesday 's parliamentary elections .","['JJ', 'NN', ',', 'JJ', 'NN', 'CC', 'NNP', 'NN', 'NNS', 'VBD', 'NNS', 'IN', 'DT', 'NNP', 'NNP', 'CC', 'NNP', 'NNP', 'VBG', 'DT', 'NN', 'IN', 'DT', 'JJ', 'NNP', 'NN', 'IN', 'DT', 'JJ', 'NNP', 'NN', 'IN', 'NNP', 'POS', 'JJ', 'NNS', '.']","['O', 'O', 'O', 'B-gpe', 'O', 'O', 'B-org', 'O', 'O', 'O', 'O', 'O', 'O', 'B-org', 'I-org', 'I-org', 'I-org', 'I-org', 'O', 'O', 'O', 'O', 'O', 'O', 'B-org', 'O', 'O', 'O', 'O', 'B-org', 'O', 'O', 'B-tim', 'O', 'O', 'O', 'O']"
Sentence: 27684,"Gunmen killed at least 12 people at a house party in Ciudad Juarez , Mexico Friday , the latest act of brutality in a border city known as a battleground for drug gangs .","['NNS', 'VBD', 'IN', 'JJS', 'CD', 'NNS', 'IN', 'DT', 'NN', 'NN', 'IN', 'NNP', 'NNP', ',', 'NNP', 'NNP', ',', 'DT', 'JJS', 'NN', 'IN', 'NN', 'IN', 'DT', 'NN', 'NN', 'VBN', 'IN', 'DT', 'NN', 'IN', 'NN', 'NNS', '.']","['O', 'O', 'O', 'O', 'O', 'O', 'O', 'O', 'O', 'O', 'O', 'B-geo', 'I-geo', 'O', 'B-geo', 'B-tim', 'O', 'O', 'O', 'O', 'O', 'O', 'O', 'O', 'O', 'O', 'O', 'O', 'O', 'O', 'O', 'O', 'O', 'O']"
Sentence: 35794,"Mr. Mubarak spoke in an interview with an Israeli newspaper , Yedioth Ahronoth .","['NNP', 'NNP', 'VBD', 'IN', 'DT', 'NN', 'IN', 'DT', 'JJ', 'NN', ',', 'NNP', 'NNP', '.']","['B-per', 'I-per', 'O', 'O', 'O', 'O', 'O', 'O', 'B-gpe', 'O', 'O', 'B-org', 'I-org', 'O']"
Sentence: 33177,Nuevo Laredo has been plagued for years by violence between gangs fighting for control of lucrative drug smuggling routes into the U.S.,"['NNP', 'NNP', 'VBZ', 'VBN', 'VBN', 'IN', 'NNS', 'IN', 'NN', 'IN', 'NNS', 'VBG', 'IN', 'NN', 'IN', 'JJ', 'NN', 'VBG', 'NNS', 'IN', 'DT', 'NNP']","['B-geo', 'I-geo', 'O', 'O', 'O', 'O', 'O', 'O', 'O', 'O', 'O', 'O', 'O', 'O', 'O', 'O', 'O', 'O', 'O', 'O', 'O', 'B-geo']"
Sentence: 9173,"A suicide bomber blew himself up near a NATO base in eastern Afghanistan Tuesday , killing 10 civilians and wounding 14 others .","['DT', 'NN', 'NN', 'VBD', 'PRP', 'RP', 'IN', 'DT', 'NNP', 'NN', 'IN', 'JJ', 'NNP', 'NNP', ',', 'VBG', 'CD', 'NNS', 'CC', 'VBG', 'CD', 'NNS', '.']","['O', 'O', 'O', 'O', 'O', 'O', 'O', 'O', 'B-org', 'O', 'O', 'O', 'B-geo', 'B-tim', 'O', 'O', 'O', 'O', 'O', 'O', 'O', 'O', 'O']"
Sentence: 16339,"In the past , al-Qaida leader Osama Bin Laden has cited Nigeria as a candidate for what he called "" liberation . ""","['IN', 'DT', 'NN', ',', 'NNP', 'NN', 'NNP', 'NNP', 'NNP', 'VBZ', 'VBN', 'NNP', 'IN', 'DT', 'NN', 'IN', 'WP', 'PRP', 'VBD', '``', 'NN', '.', '``']","['O', 'O', 'O', 'O', 'B-org', 'O', 'B-per', 'I-per', 'I-per', 'O', 'O', 'B-geo', 'O', 'O', 'O', 'O', 'O', 'O', 'O', 'O', 'O', 'O', 'O']"
Sentence: 26389,"U.S. military officials have not commented on the incident , which the Iraqi Interior Ministry said occurred late Saturday in an area known as the triangle of death .","['NNP', 'JJ', 'NNS', 'VBP', 'RB', 'VBN', 'IN', 'DT', 'NN', ',', 'WDT', 'DT', 'JJ', 'NNP', 'NNP', 'VBD', 'VBD', 'JJ', 'NNP', 'IN', 'DT', 'NN', 'VBN', 'IN', 'DT', 'NN', 'IN', 'NN', '.']","['B-geo', 'O', 'O', 'O', 'O', 'O', 'O', 'O', 'O', 'O', 'O', 'O', 'B-gpe', 'B-org', 'I-org', 'O', 'O', 'O', 'B-tim', 'O', 'O', 'O', 'O', 'O', 'O', 'O', 'O', 'O', 'O']"
Sentence: 45958,"Doctors say the 11-year-old girl , Hulya Kocyigit died Friday .","['NNS', 'VBP', 'DT', 'JJ', 'NN', ',', 'NNP', 'NNP', 'VBD', 'NNP', '.']","['O', 'O', 'O', 'O', 'O', 'O', 'B-org', 'I-org', 'O', 'B-tim', 'O']"
Sentence: 32786,"However , Mr. Castro says he is in no hurry , and is not sure Mr. Obama can change what the Cuban leader called the "" overall hostile U.S. policy "" towards Cuba .","['RB', ',', 'NNP', 'NNP', 'VBZ', 'PRP', 'VBZ', 'IN', 'DT', 'NN', ',', 'CC', 'VBZ', 'RB', 'JJ', 'NNP', 'NNP', 'MD', 'VB', 'WP', 'DT', 'JJ', 'NN', 'VBD', 'DT', '``', 'JJ', 'JJ', 'NNP', 'NN', '``', 'IN', 'NNP', '.']","['O', 'O', 'B-per', 'I-per', 'O', 'O', 'O', 'O', 'O', 'O', 'O', 'O', 'O', 'O', 'O', 'B-per', 'I-per', 'O', 'O', 'O', 'O', 'B-gpe', 'O', 'O', 'O', 'O', 'O', 'O', 'B-geo', 'O', 'O', 'O', 'B-geo', 'O']"
Sentence: 44622,The separatist insurgency in Indian Kashmir began in 1989 and has claimed tens of thousands of lives .,"['DT', 'JJ', 'NN', 'IN', 'JJ', 'NNP', 'VBD', 'IN', 'CD', 'CC', 'VBZ', 'VBN', 'NNS', 'IN', 'NNS', 'IN', 'NNS', '.']","['O', 'O', 'O', 'O', 'B-gpe', 'B-geo', 'O', 'O', 'B-tim', 'O', 'O', 'O', 'O', 'O', 'O', 'O', 'O', 'O']"
Sentence: 39034,Croatia has confirmed the H5N1 virus in a wild swan found dead last week .,"['NNP', 'VBZ', 'VBN', 'DT', 'NNP', 'NN', 'IN', 'DT', 'JJ', 'NN', 'VBN', 'JJ', 'JJ', 'NN', '.']","['B-geo', 'O', 'O', 'O', 'B-nat', 'O', 'O', 'O', 'O', 'O', 'O', 'O', 'O', 'O', 'O']"
Sentence: 10399,"Mr. Roed-Larsen is the special envoy in charge of implementing Security Council resolution 1559 , which calls for the withdrawal of foreign troops from Lebanon and the disarming of all militias , such as Hezbollah .","['NNP', 'NNP', 'VBZ', 'DT', 'JJ', 'NN', 'IN', 'NN', 'IN', 'VBG', 'NNP', 'NNP', 'NN', 'CD', ',', 'WDT', 'VBZ', 'IN', 'DT', 'NN', 'IN', 'JJ', 'NNS', 'IN', 'NNP', 'CC', 'DT', 'NN', 'IN', 'DT', 'NNS', ',', 'JJ', 'IN', 'NNP', '.']","['B-per', 'I-per', 'O', 'O', 'O', 'O', 'O', 'O', 'O', 'O', 'B-org', 'I-org', 'O', 'B-tim', 'O', 'O', 'O', 'O', 'O', 'O', 'O', 'O', 'O', 'O', 'B-geo', 'O', 'O', 'O', 'O', 'O', 'O', 'O', 'O', 'O', 'B-org', 'O']"
Sentence: 13792,"Having a small , open economy makes Macedonia vulnerable to economic developments in Europe and dependent on regional integration and progress toward EU membership for continued economic growth .","['VBG', 'DT', 'JJ', ',', 'JJ', 'NN', 'VBZ', 'NNP', 'JJ', 'TO', 'JJ', 'NNS', 'IN', 'NNP', 'CC', 'JJ', 'IN', 'JJ', 'NN', 'CC', 'NN', 'IN', 'NNP', 'NN', 'IN', 'JJ', 'JJ', 'NN', '.']","['O', 'O', 'O', 'O', 'O', 'O', 'O', 'B-geo', 'O', 'O', 'O', 'O', 'O', 'B-geo', 'O', 'O', 'O', 'O', 'O', 'O', 'O', 'O', 'B-org', 'O', 'O', 'O', 'O', 'O', 'O']"
Sentence: 6119,Santos said Reyes was killed during a combat operation along the southern border with Ecuador .,"['NNP', 'VBD', 'NNP', 'VBD', 'VBN', 'IN', 'DT', 'NN', 'NN', 'IN', 'DT', 'JJ', 'NN', 'IN', 'NNP', '.']","['B-per', 'O', 'B-per', 'O', 'O', 'O', 'O', 'O', 'O', 'O', 'O', 'O', 'O', 'O', 'B-geo', 'O']"
Sentence: 20153,"During an address Wednesday marking the Muslim festival of Eid al-Adha , Mr. Karzai urged the U.S. and its allies to target terrorists outside of Afghanistan .","['IN', 'DT', 'NN', 'NNP', 'VBG', 'DT', 'NNP', 'NN', 'IN', 'NNP', 'NNP', ',', 'NNP', 'NNP', 'VBD', 'DT', 'NNP', 'CC', 'PRP$', 'NNS', 'TO', 'VB', 'NNS', 'IN', 'IN', 'NNP', '.']","['O', 'O', 'O', 'B-tim', 'O', 'O', 'B-org', 'O', 'O', 'B-geo', 'I-geo', 'O', 'B-per', 'I-per', 'O', 'O', 'B-geo', 'O', 'O', 'O', 'O', 'O', 'O', 'O', 'O', 'B-gpe', 'O']"
Sentence: 27672,"Under Iraqi law , the death sentence is to be carried out within 30 days .","['IN', 'JJ', 'NN', ',', 'DT', 'NN', 'NN', 'VBZ', 'TO', 'VB', 'VBN', 'RP', 'IN', 'CD', 'NNS', '.']","['O', 'B-gpe', 'O', 'O', 'O', 'O', 'O', 'O', 'O', 'O', 'O', 'O', 'B-tim', 'I-tim', 'O', 'O']"
Sentence: 3877,"Meanwhile , the U.S. military says an American soldier was killed Thursday when a troop convoy was hit by a roadside bomb in the northern city of Mosul .","['RB', ',', 'DT', 'NNP', 'NN', 'VBZ', 'DT', 'JJ', 'NN', 'VBD', 'VBN', 'NNP', 'WRB', 'DT', 'NN', 'NN', 'VBD', 'VBN', 'IN', 'DT', 'NN', 'NN', 'IN', 'DT', 'JJ', 'NN', 'IN', 'NNP', '.']","['O', 'O', 'O', 'B-geo', 'O', 'O', 'O', 'B-gpe', 'O', 'O', 'O', 'B-tim', 'O', 'O', 'O', 'O', 'O', 'O', 'O', 'O', 'O', 'O', 'O', 'O', 'O', 'O', 'O', 'B-geo', 'O']"
Sentence: 36025,The ministry did not reveal the names of those under arrest .,"['DT', 'NN', 'VBD', 'RB', 'VB', 'DT', 'NNS', 'IN', 'DT', 'IN', 'NN', '.']","['O', 'O', 'O', 'O', 'O', 'O', 'O', 'O', 'O', 'O', 'O', 'O']"
Sentence: 26441,"China estimates 8,40,000 people on the mainland are HIV-positive , although some experts suspect there are many more .","['NNP', 'VBZ', 'CD', 'NNS', 'IN', 'DT', 'NN', 'VBP', 'JJ', ',', 'IN', 'DT', 'NNS', 'VBP', 'EX', 'VBP', 'JJ', 'JJR', '.']","['B-geo', 'O', 'O', 'O', 'O', 'O', 'O', 'O', 'O', 'O', 'O', 'O', 'O', 'O', 'O', 'O', 'O', 'O', 'O']"
Sentence: 1304,Afghan and coalition forces captured one insurgent .,"['JJ', 'CC', 'NN', 'NNS', 'VBD', 'CD', 'NN', '.']","['B-gpe', 'O', 'O', 'O', 'O', 'O', 'O', 'O']"
Sentence: 26877,Police say the protesters were looting and vandalizing buildings .,"['NNS', 'VBP', 'DT', 'NNS', 'VBD', 'VBG', 'CC', 'VBG', 'NNS', '.']","['O', 'O', 'O', 'O', 'O', 'O', 'O', 'O', 'O', 'O']"
Sentence: 28537,Iran says it wants to process its own nuclear fuel to produce electricity .,"['NNP', 'VBZ', 'PRP', 'VBZ', 'TO', 'VB', 'PRP$', 'JJ', 'JJ', 'NN', 'TO', 'VB', 'NN', '.']","['B-geo', 'O', 'O', 'O', 'O', 'O', 'O', 'O', 'O', 'O', 'O', 'O', 'O', 'O']"
Sentence: 31676,U.S. Olympic speedskater Joey Cheek is following through on his promise to lend a helping hand to children in Africa .,"['NNP', 'NNP', 'NN', 'NNP', 'NNP', 'VBZ', 'VBG', 'IN', 'IN', 'PRP$', 'NN', 'TO', 'VB', 'DT', 'VBG', 'NN', 'TO', 'NNS', 'IN', 'NNP', '.']","['B-org', 'O', 'O', 'B-per', 'I-per', 'O', 'O', 'O', 'O', 'O', 'O', 'O', 'O', 'O', 'O', 'O', 'O', 'O', 'O', 'B-geo', 'O']"
Sentence: 2651,"Earlier this year , Gazprom temporarily cut gas supplies to Ukraine in a price dispute .","['RBR', 'DT', 'NN', ',', 'NNP', 'RB', 'VBD', 'NN', 'NNS', 'TO', 'VB', 'IN', 'DT', 'NN', 'NN', '.']","['O', 'O', 'O', 'O', 'B-org', 'O', 'O', 'O', 'O', 'O', 'B-geo', 'O', 'O', 'O', 'O', 'O']"
Sentence: 6687,"Tuesday 's announcement from Dalia Itzik has further fueled speculation that her close Labor ally , Shimon Peres , will also join forces with Prime Minister Sharon 's new Kadima party .","['NNP', 'POS', 'NN', 'IN', 'NNP', 'NNP', 'VBZ', 'RB', 'VBN', 'NN', 'IN', 'PRP$', 'JJ', 'NN', 'NN', ',', 'NNP', 'NNP', ',', 'MD', 'RB', 'VB', 'NNS', 'IN', 'NNP', 'NNP', 'NNP', 'POS', 'JJ', 'NNP', 'NN', '.']","['B-tim', 'O', 'O', 'O', 'B-geo', 'I-geo', 'O', 'O', 'O', 'O', 'O', 'O', 'O', 'O', 'O', 'O', 'B-per', 'I-per', 'O', 'O', 'O', 'O', 'O', 'O', 'B-per', 'I-per', 'I-per', 'O', 'O', 'B-geo', 'O', 'O']"
Sentence: 47851,"Last month , Germany , France and Spain expressed concern that peacekeeping operations and offensive operations would be linked together under one mission .","['JJ', 'NN', ',', 'NNP', ',', 'NNP', 'CC', 'NNP', 'VBD', 'NN', 'IN', 'VBG', 'NNS', 'CC', 'JJ', 'NNS', 'MD', 'VB', 'VBN', 'RB', 'IN', 'CD', 'NN', '.']","['O', 'O', 'O', 'B-geo', 'O', 'B-geo', 'O', 'B-geo', 'O', 'O', 'O', 'O', 'O', 'O', 'O', 'O', 'O', 'O', 'O', 'O', 'O', 'O', 'O', 'O']"
Sentence: 6347,The ship will be loaded with fertilizer intended to help the North deal with perpetual food shortages .,"['DT', 'NN', 'MD', 'VB', 'VBN', 'IN', 'NN', 'VBN', 'TO', 'VB', 'DT', 'NNP', 'NN', 'IN', 'JJ', 'NN', 'NNS', '.']","['O', 'O', 'O', 'O', 'O', 'O', 'O', 'O', 'O', 'O', 'O', 'O', 'O', 'O', 'O', 'O', 'O', 'O']"
Sentence: 45200,"The amendment , which has since been approved , allows more than one candidate to run in presidential elections .","['DT', 'NN', ',', 'WDT', 'VBZ', 'IN', 'VBN', 'VBN', ',', 'VBZ', 'JJR', 'IN', 'CD', 'NN', 'TO', 'VB', 'IN', 'JJ', 'NNS', '.']","['O', 'O', 'O', 'O', 'O', 'O', 'O', 'O', 'O', 'O', 'O', 'O', 'O', 'O', 'O', 'O', 'O', 'O', 'O', 'O']"
Sentence: 10507,"Earlier this week , the Pakistani army reported gains in its battle against Islamists in Swat , saying troops had recaptured a strategic mountain peak .","['RBR', 'DT', 'NN', ',', 'DT', 'JJ', 'NN', 'VBD', 'NNS', 'IN', 'PRP$', 'NN', 'IN', 'NNS', 'IN', 'NNP', ',', 'VBG', 'NNS', 'VBD', 'VBN', 'DT', 'JJ', 'NN', 'NN', '.']","['O', 'O', 'O', 'O', 'O', 'B-gpe', 'O', 'O', 'O', 'O', 'O', 'O', 'O', 'B-geo', 'O', 'B-geo', 'O', 'O', 'O', 'O', 'O', 'O', 'O', 'O', 'O', 'O']"
Sentence: 3442,U.N. Emergency Relief Coordinator Jan Egeland praised the Ugandan government Wednesday for its renewed efforts to seek dialogue .,"['NNP', 'NNP', 'NNP', 'NNP', 'NNP', 'NNP', 'VBD', 'DT', 'JJ', 'NN', 'NNP', 'IN', 'PRP$', 'JJ', 'NNS', 'TO', 'VB', 'NN', '.']","['B-org', 'I-org', 'I-org', 'I-org', 'B-per', 'I-per', 'O', 'O', 'B-gpe', 'O', 'B-tim', 'O', 'O', 'O', 'O', 'O', 'O', 'O', 'O']"
Sentence: 38427,"At least 20,000 women and their children attended the ceremony .","['IN', 'JJS', 'CD', 'NNS', 'CC', 'PRP$', 'NNS', 'VBD', 'DT', 'NN', '.']","['O', 'O', 'O', 'O', 'O', 'O', 'O', 'O', 'O', 'O', 'O']"
Sentence: 29994,A British official says the government has been talking with the United States about placing part of an American anti-missile system in Britain .,"['DT', 'JJ', 'NN', 'VBZ', 'DT', 'NN', 'VBZ', 'VBN', 'VBG', 'IN', 'DT', 'NNP', 'NNPS', 'IN', 'VBG', 'NN', 'IN', 'DT', 'JJ', 'JJ', 'NN', 'IN', 'NNP', '.']","['O', 'B-gpe', 'O', 'O', 'O', 'O', 'O', 'O', 'O', 'O', 'O', 'B-geo', 'I-geo', 'O', 'O', 'O', 'O', 'O', 'B-gpe', 'O', 'O', 'O', 'B-geo', 'O']"
Sentence: 42459,Mr. Yushchenko 's assertion that Ukrainian security officials poisoned him with a highly toxic form of dioxin has further inflamed the political divisions .,"['NNP', 'NNP', 'POS', 'NN', 'IN', 'JJ', 'NN', 'NNS', 'VBD', 'PRP', 'IN', 'DT', 'RB', 'JJ', 'NN', 'IN', 'NN', 'VBZ', 'RB', 'VBN', 'DT', 'JJ', 'NNS', '.']","['B-per', 'B-org', 'O', 'O', 'O', 'B-gpe', 'O', 'O', 'O', 'O', 'O', 'O', 'O', 'O', 'O', 'O', 'O', 'O', 'O', 'O', 'O', 'O', 'O', 'O']"
Sentence: 32210,Lieberman said his support for the Arizona Senator is based on McCain 's military career and legislative experience and their common view of U.S. foreign policy .,"['NNP', 'VBD', 'PRP$', 'NN', 'IN', 'DT', 'NNP', 'NNP', 'VBZ', 'VBN', 'IN', 'NNP', 'POS', 'JJ', 'NN', 'CC', 'JJ', 'NN', 'CC', 'PRP$', 'JJ', 'NN', 'IN', 'NNP', 'JJ', 'NN', '.']","['B-per', 'O', 'O', 'O', 'O', 'O', 'B-org', 'B-per', 'O', 'O', 'O', 'B-org', 'O', 'O', 'O', 'O', 'O', 'O', 'O', 'O', 'O', 'O', 'O', 'B-geo', 'O', 'O', 'O']"
Sentence: 47483,"The top international mediator in Bosnia-Herzegovina has warned the prime minister of the country 's Serb Republic , Milorad Dodik , against statements that question the country 's sovereignty and territorial integrity .","['DT', 'JJ', 'JJ', 'NN', 'IN', 'NNP', 'VBZ', 'VBN', 'DT', 'JJ', 'NN', 'IN', 'DT', 'NN', 'POS', 'JJ', 'NNP', ',', 'NNP', 'NNP', ',', 'IN', 'NNS', 'WDT', 'VBP', 'DT', 'NN', 'POS', 'NN', 'CC', 'JJ', 'NN', '.']","['O', 'O', 'O', 'O', 'O', 'B-geo', 'O', 'O', 'O', 'O', 'O', 'O', 'O', 'O', 'O', 'B-gpe', 'B-geo', 'O', 'B-geo', 'I-geo', 'O', 'O', 'O', 'O', 'O', 'O', 'O', 'O', 'O', 'O', 'O', 'O', 'O']"
Sentence: 21423,The Oxfam international charity says the response to the disaster has been so overwhelming that some aid groups are conducting relief work without the necessary experience or skills .,"['DT', 'NNP', 'JJ', 'NN', 'VBZ', 'DT', 'NN', 'TO', 'DT', 'NN', 'VBZ', 'VBN', 'RB', 'JJ', 'IN', 'DT', 'NN', 'NNS', 'VBP', 'VBG', 'NN', 'NN', 'IN', 'DT', 'JJ', 'NN', 'CC', 'NNS', '.']","['O', 'B-org', 'O', 'O', 'O', 'O', 'O', 'O', 'O', 'O', 'O', 'O', 'O', 'O', 'O', 'O', 'O', 'O', 'O', 'O', 'O', 'O', 'O', 'O', 'O', 'O', 'O', 'O', 'O']"
